Direction,Jct_to_Jct,Hour,HGV Volume,Total Volume
Clockwise,Dartford QEII,0,146.58064516129033,525.1935483870968
Clockwise,Dartford QEII,1,164.29032258064515,444.51612903225805
Clockwise,Dartford QEII,2,175.6451612903226,391.2258064516129
Clockwise,Dartford QEII,3,227.5483870967742,494.7096774193548
Clockwise,Dartford QEII,4,369.35483870967744,841.0645161290323
Clockwise,Dartford QEII,5,696.3225806451613,2355.9032258064517
Clockwise,Dartford QEII,6,881.483870967742,3783.548387096774
Clockwise,Dartford QEII,7,783.483870967742,3678.4193548387098
Clockwise,Dartford QEII,8,688.516129032258,3412.9032258064517
Clockwise,Dartford QEII,9,736.516129032258,3561.548387096774
Clockwise,Dartford QEII,10,747.7096774193549,3660.6451612903224
Clockwise,Dartford QEII,11,759.8387096774194,3696.2903225806454
Clockwise,Dartford QEII,12,772.6774193548387,3698.9032258064517
Clockwise,Dartford QEII,13,778.1612903225806,3767.7096774193546
Clockwise,Dartford QEII,14,755.9032258064516,3925.8709677419356
Clockwise,Dartford QEII,15,704.483870967742,4223.419354838709
Clockwise,Dartford QEII,16,584.5483870967741,4516.354838709677
Clockwise,Dartford QEII,17,482.741935483871,4253.0
Clockwise,Dartford QEII,18,439.1290322580645,3706.5806451612902
Clockwise,Dartford QEII,19,403.0967741935484,2872.8709677419356
Clockwise,Dartford QEII,20,324.7741935483871,2135.1612903225805
Clockwise,Dartford QEII,21,248.32258064516128,1471.6774193548388
Clockwise,Dartford QEII,22,198.61290322580646,1173.1935483870968
Clockwise,Dartford QEII,23,160.8709677419355,747.2258064516129
Clockwise,J1-2,0,222.06451612903226,821.9677419354839
Clockwise,J1-2,1,241.0,670.741935483871
Clockwise,J1-2,2,252.1290322580645,601.1612903225806
Clockwise,J1-2,3,322.0967741935484,729.0
Clockwise,J1-2,4,510.38709677419354,1095.8387096774193
Clockwise,J1-2,5,891.5806451612904,2731.7419354838707
Clockwise,J1-2,6,1257.1612903225807,4622.645161290323
Clockwise,J1-2,7,1222.5806451612902,4858.548387096775
Clockwise,J1-2,8,984.4193548387096,4360.548387096775
Clockwise,J1-2,9,996.4516129032259,4371.1612903225805
Clockwise,J1-2,10,946.1612903225806,4316.258064516129
Clockwise,J1-2,11,964.8709677419355,4447.967741935484
Clockwise,J1-2,12,957.9677419354839,4560.580645161291
Clockwise,J1-2,13,941.7741935483871,4657.4838709677415
Clockwise,J1-2,14,947.3548387096774,5046.741935483871
Clockwise,J1-2,15,923.258064516129,5397.709677419355
Clockwise,J1-2,16,915.0322580645161,5887.387096774193
Clockwise,J1-2,17,880.0967741935484,5730.419354838709
Clockwise,J1-2,18,719.6451612903226,4791.129032258064
Clockwise,J1-2,19,589.0645161290323,3626.1290322580644
Clockwise,J1-2,20,441.4516129032258,2664.451612903226
Clockwise,J1-2,21,317.83870967741933,1891.1290322580646
Clockwise,J1-2,22,259.6774193548387,1638.7096774193549
Clockwise,J1-2,23,238.7741935483871,1131.2903225806451
Clockwise,J11-12,0,168.03225806451613,878.1935483870968
Clockwise,J11-12,1,174.83870967741936,664.1935483870968
Clockwise,J11-12,2,178.83870967741936,541.5483870967741
Clockwise,J11-12,3,202.19354838709677,616.258064516129
Clockwise,J11-12,4,281.7741935483871,1085.258064516129
Clockwise,J11-12,5,485.19354838709677,2745.935483870968
Clockwise,J11-12,6,615.0645161290323,5691.225806451613
Clockwise,J11-12,7,565.8387096774194,5932.806451612903
Clockwise,J11-12,8,650.5483870967741,6086.225806451613
Clockwise,J11-12,9,782.1612903225806,6272.645161290323
Clockwise,J11-12,10,813.6774193548387,6355.225806451613
Clockwise,J11-12,11,799.258064516129,6206.709677419355
Clockwise,J11-12,12,802.1612903225806,6000.064516129032
Clockwise,J11-12,13,819.6774193548387,6012.419354838709
Clockwise,J11-12,14,757.1290322580645,6005.290322580645
Clockwise,J11-12,15,651.8709677419355,6244.451612903225
Clockwise,J11-12,16,508.83870967741933,6287.290322580645
Clockwise,J11-12,17,437.06451612903226,6141.032258064516
Clockwise,J11-12,18,401.3225806451613,5712.387096774193
Clockwise,J11-12,19,358.6774193548387,4636.258064516129
Clockwise,J11-12,20,349.9032258064516,3510.2258064516127
Clockwise,J11-12,21,291.9032258064516,2470.2903225806454
Clockwise,J11-12,22,175.96774193548387,1681.225806451613
Clockwise,J11-12,23,177.38709677419354,1249.9032258064517
Clockwise,J12-13,0,164.67741935483872,802.2258064516129
Clockwise,J12-13,1,168.51612903225808,594.4516129032259
Clockwise,J12-13,2,170.41935483870967,509.38709677419354
Clockwise,J12-13,3,200.0,685.3870967741935
Clockwise,J12-13,4,278.741935483871,1364.6451612903227
Clockwise,J12-13,5,445.83870967741933,3298.0
Clockwise,J12-13,6,610.3870967741935,6298.322580645161
Clockwise,J12-13,7,570.516129032258,6861.225806451613
Clockwise,J12-13,8,625.6774193548387,6788.612903225807
Clockwise,J12-13,9,788.741935483871,6711.645161290323
Clockwise,J12-13,10,839.6129032258065,6580.419354838709
Clockwise,J12-13,11,828.7096774193549,6390.225806451613
Clockwise,J12-13,12,823.3870967741935,6125.225806451613
Clockwise,J12-13,13,842.1612903225806,6015.8387096774195
Clockwise,J12-13,14,780.1935483870968,5845.451612903225
Clockwise,J12-13,15,660.8387096774194,5828.548387096775
Clockwise,J12-13,16,509.80645161290323,5647.129032258064
Clockwise,J12-13,17,420.6774193548387,5412.870967741936
Clockwise,J12-13,18,389.96774193548384,5199.064516129032
Clockwise,J12-13,19,371.6774193548387,4484.741935483871
Clockwise,J12-13,20,375.3225806451613,3511.5806451612902
Clockwise,J12-13,21,296.51612903225805,2500.3225806451615
Clockwise,J12-13,22,188.58064516129033,1656.1935483870968
Clockwise,J12-13,23,174.51612903225808,1156.9354838709678
Clockwise,J13-14,0,160.7741935483871,790.5806451612904
Clockwise,J13-14,1,153.16129032258064,570.3225806451613
Clockwise,J13-14,2,157.38709677419354,478.7096774193548
Clockwise,J13-14,3,194.96774193548387,682.8709677419355
Clockwise,J13-14,4,288.1290322580645,1425.0967741935483
Clockwise,J13-14,5,485.38709677419354,3357.2903225806454
Clockwise,J13-14,6,729.0967741935484,6389.451612903225
Clockwise,J13-14,7,706.7096774193549,7016.387096774193
Clockwise,J13-14,8,745.516129032258,6871.709677419355
Clockwise,J13-14,9,921.258064516129,6869.032258064516
Clockwise,J13-14,10,989.0967741935484,6826.258064516129
Clockwise,J13-14,11,957.483870967742,6544.290322580645
Clockwise,J13-14,12,957.483870967742,6219.096774193548
Clockwise,J13-14,13,976.8064516129032,6091.4838709677415
Clockwise,J13-14,14,917.5483870967741,5960.064516129032
Clockwise,J13-14,15,795.6451612903226,5867.612903225807
Clockwise,J13-14,16,648.0322580645161,5443.193548387097
Clockwise,J13-14,17,567.6451612903226,5365.451612903225
Clockwise,J13-14,18,500.2258064516129,5324.8387096774195
Clockwise,J13-14,19,448.83870967741933,4796.774193548387
Clockwise,J13-14,20,417.9032258064516,3826.064516129032
Clockwise,J13-14,21,323.3225806451613,2826.064516129032
Clockwise,J13-14,22,210.83870967741936,2008.3870967741937
Clockwise,J13-14,23,183.1290322580645,1287.8709677419354
Clockwise,J14-15,0,181.48387096774192,956.3870967741935
Clockwise,J14-15,1,178.1290322580645,654.9032258064516
Clockwise,J14-15,2,190.61290322580646,544.516129032258
Clockwise,J14-15,3,221.70967741935485,646.5806451612904
Clockwise,J14-15,4,307.38709677419354,1099.5806451612902
Clockwise,J14-15,5,498.3225806451613,2834.6451612903224
Clockwise,J14-15,6,757.7741935483871,5895.4838709677415
Clockwise,J14-15,7,757.0322580645161,6279.870967741936
Clockwise,J14-15,8,776.0645161290323,6176.709677419355
Clockwise,J14-15,9,901.0,6472.129032258064
Clockwise,J14-15,10,1000.6774193548387,6687.032258064516
Clockwise,J14-15,11,1011.7741935483871,6412.645161290323
Clockwise,J14-15,12,1037.4516129032259,6118.8387096774195
Clockwise,J14-15,13,1064.6774193548388,6122.806451612903
Clockwise,J14-15,14,1009.1290322580645,6194.032258064516
Clockwise,J14-15,15,916.6774193548387,5893.064516129032
Clockwise,J14-15,16,730.1612903225806,5537.064516129032
Clockwise,J14-15,17,677.5806451612904,5583.0
Clockwise,J14-15,18,661.7096774193549,5638.935483870968
Clockwise,J14-15,19,509.64516129032256,5343.935483870968
Clockwise,J14-15,20,429.16129032258067,4580.354838709677
Clockwise,J14-15,21,327.61290322580646,3474.516129032258
Clockwise,J14-15,22,226.03225806451613,2733.3225806451615
Clockwise,J14-15,23,205.3548387096774,1787.9354838709678
Clockwise,J15-16,0,219.19354838709677,922.2903225806451
Clockwise,J15-16,1,203.5483870967742,622.3225806451613
Clockwise,J15-16,2,213.09677419354838,546.258064516129
Clockwise,J15-16,3,242.83870967741936,658.8387096774194
Clockwise,J15-16,4,329.35483870967744,965.8387096774194
Clockwise,J15-16,5,517.5483870967741,2116.1935483870966
Clockwise,J15-16,6,842.258064516129,4955.806451612903
Clockwise,J15-16,7,844.741935483871,6005.451612903225
Clockwise,J15-16,8,914.0,6224.064516129032
Clockwise,J15-16,9,1050.8387096774193,6282.258064516129
Clockwise,J15-16,10,1107.0645161290322,6494.290322580645
Clockwise,J15-16,11,1118.0967741935483,6499.741935483871
Clockwise,J15-16,12,1119.4516129032259,6501.0
Clockwise,J15-16,13,1116.7096774193549,6577.322580645161
Clockwise,J15-16,14,1054.3225806451612,6671.1612903225805
Clockwise,J15-16,15,911.516129032258,6522.774193548387
Clockwise,J15-16,16,724.0,6284.032258064516
Clockwise,J15-16,17,650.4193548387096,6484.8387096774195
Clockwise,J15-16,18,640.1612903225806,6499.870967741936
Clockwise,J15-16,19,611.1935483870968,5757.322580645161
Clockwise,J15-16,20,580.5483870967741,4427.741935483871
Clockwise,J15-16,21,442.9032258064516,3249.5806451612902
Clockwise,J15-16,22,293.9032258064516,2391.516129032258
Clockwise,J15-16,23,255.58064516129033,1629.1612903225807
Clockwise,J16-17,0,198.80645161290323,827.5483870967741
Clockwise,J16-17,1,192.7741935483871,583.1290322580645
Clockwise,J16-17,2,191.96774193548387,532.1612903225806
Clockwise,J16-17,3,210.09677419354838,674.2258064516129
Clockwise,J16-17,4,286.16129032258067,913.1935483870968
Clockwise,J16-17,5,446.9032258064516,1761.3870967741937
Clockwise,J16-17,6,742.6129032258065,4036.483870967742
Clockwise,J16-17,7,775.483870967742,5224.967741935484
Clockwise,J16-17,8,772.9354838709677,5188.580645161291
Clockwise,J16-17,9,864.9032258064516,5089.903225806452
Clockwise,J16-17,10,949.5806451612904,5312.967741935484
Clockwise,J16-17,11,974.0645161290323,5449.451612903225
Clockwise,J16-17,12,995.0322580645161,5601.774193548387
Clockwise,J16-17,13,1024.1935483870968,5841.741935483871
Clockwise,J16-17,14,970.5806451612904,5959.1612903225805
Clockwise,J16-17,15,815.483870967742,5818.8387096774195
Clockwise,J16-17,16,671.7741935483871,5995.709677419355
Clockwise,J16-17,17,566.2258064516129,6094.741935483871
Clockwise,J16-17,18,491.4193548387097,5726.258064516129
Clockwise,J16-17,19,434.38709677419354,4806.0
Clockwise,J16-17,20,393.83870967741933,3588.4193548387098
Clockwise,J16-17,21,300.1290322580645,2629.1290322580644
Clockwise,J16-17,22,225.25806451612902,1926.9032258064517
Clockwise,J16-17,23,215.96774193548387,1352.7096774193549
Clockwise,J17-18,0,185.70967741935485,776.2903225806451
Clockwise,J17-18,1,180.06451612903226,524.2903225806451
Clockwise,J17-18,2,175.67741935483872,458.0967741935484
Clockwise,J17-18,3,193.25806451612902,593.1935483870968
Clockwise,J17-18,4,261.258064516129,804.0
Clockwise,J17-18,5,403.80645161290323,1558.483870967742
Clockwise,J17-18,6,665.0967741935484,3764.0967741935483
Clockwise,J17-18,7,726.1290322580645,5372.741935483871
Clockwise,J17-18,8,717.0967741935484,5435.5161290322585
Clockwise,J17-18,9,797.4516129032259,5127.129032258064
Clockwise,J17-18,10,878.6451612903226,5309.612903225807
Clockwise,J17-18,11,899.7096774193549,5437.967741935484
Clockwise,J17-18,12,921.258064516129,5597.258064516129
Clockwise,J17-18,13,941.7741935483871,5797.709677419355
Clockwise,J17-18,14,892.1612903225806,5965.709677419355
Clockwise,J17-18,15,749.8387096774194,5928.0
Clockwise,J17-18,16,624.4516129032259,6367.451612903225
Clockwise,J17-18,17,497.741935483871,6428.032258064516
Clockwise,J17-18,18,423.741935483871,5993.225806451613
Clockwise,J17-18,19,397.6774193548387,4988.645161290323
Clockwise,J17-18,20,362.80645161290323,3600.483870967742
Clockwise,J17-18,21,282.80645161290323,2599.7096774193546
Clockwise,J17-18,22,213.09677419354838,1894.0645161290322
Clockwise,J17-18,23,199.80645161290323,1312.258064516129
Clockwise,J18-19,0,188.4516129032258,809.7741935483871
Clockwise,J18-19,1,183.48387096774192,540.9032258064516
Clockwise,J18-19,2,179.70967741935485,467.96774193548384
Clockwise,J18-19,3,197.7741935483871,618.7741935483871
Clockwise,J18-19,4,264.7741935483871,836.1612903225806
Clockwise,J18-19,5,413.0967741935484,1606.516129032258
Clockwise,J18-19,6,668.4516129032259,3972.6774193548385
Clockwise,J18-19,7,733.7741935483871,5861.741935483871
Clockwise,J18-19,8,736.6129032258065,5850.741935483871
Clockwise,J18-19,9,833.1935483870968,5559.0
Clockwise,J18-19,10,911.3225806451613,5720.709677419355
Clockwise,J18-19,11,928.9032258064516,5879.967741935484
Clockwise,J18-19,12,947.0645161290323,6027.709677419355
Clockwise,J18-19,13,968.7096774193549,6231.645161290323
Clockwise,J18-19,14,920.516129032258,6427.225806451613
Clockwise,J18-19,15,779.3225806451613,6444.741935483871
Clockwise,J18-19,16,647.483870967742,6971.645161290323
Clockwise,J18-19,17,510.48387096774195,7062.1612903225805
Clockwise,J18-19,18,439.2903225806452,6524.032258064516
Clockwise,J18-19,19,407.38709677419354,5327.451612903225
Clockwise,J18-19,20,369.38709677419354,3806.2903225806454
Clockwise,J18-19,21,291.06451612903226,2750.516129032258
Clockwise,J18-19,22,218.25806451612902,1987.8064516129032
Clockwise,J18-19,23,202.09677419354838,1367.0
Clockwise,J19-20,0,180.51612903225808,711.8709677419355
Clockwise,J19-20,1,175.09677419354838,484.16129032258067
Clockwise,J19-20,2,171.5483870967742,431.6774193548387
Clockwise,J19-20,3,189.48387096774192,578.6129032258065
Clockwise,J19-20,4,253.06451612903226,783.8387096774194
Clockwise,J19-20,5,383.06451612903226,1426.8387096774193
Clockwise,J19-20,6,600.1612903225806,3237.3870967741937
Clockwise,J19-20,7,634.3548387096774,4738.5161290322585
Clockwise,J19-20,8,643.3870967741935,4841.193548387097
Clockwise,J19-20,9,739.258064516129,4708.096774193548
Clockwise,J19-20,10,824.483870967742,4969.451612903225
Clockwise,J19-20,11,846.1290322580645,5127.612903225807
Clockwise,J19-20,12,861.8387096774194,5237.612903225807
Clockwise,J19-20,13,881.1290322580645,5409.032258064516
Clockwise,J19-20,14,832.6774193548387,5543.387096774193
Clockwise,J19-20,15,708.516129032258,5612.129032258064
Clockwise,J19-20,16,579.1935483870968,5953.935483870968
Clockwise,J19-20,17,463.96774193548384,5900.354838709677
Clockwise,J19-20,18,404.0967741935484,5487.193548387097
Clockwise,J19-20,19,380.48387096774195,4599.5161290322585
Clockwise,J19-20,20,350.03225806451616,3346.2580645161293
Clockwise,J19-20,21,277.96774193548384,2414.2903225806454
Clockwise,J19-20,22,207.90322580645162,1714.032258064516
Clockwise,J19-20,23,189.67741935483872,1187.5806451612902
Clockwise,J2-3,0,143.38709677419354,589.1290322580645
Clockwise,J2-3,1,149.96774193548387,432.38709677419354
Clockwise,J2-3,2,150.70967741935485,399.1290322580645
Clockwise,J2-3,3,196.3548387096774,540.4193548387096
Clockwise,J2-3,4,357.51612903225805,960.6129032258065
Clockwise,J2-3,5,741.1290322580645,2738.4193548387098
Clockwise,J2-3,6,1080.516129032258,4638.903225806452
Clockwise,J2-3,7,999.6774193548387,4758.709677419355
Clockwise,J2-3,8,862.1935483870968,4427.774193548387
Clockwise,J2-3,9,846.1612903225806,4173.193548387097
Clockwise,J2-3,10,790.258064516129,4040.1612903225805
Clockwise,J2-3,11,767.8709677419355,4119.032258064516
Clockwise,J2-3,12,749.8387096774194,4195.064516129032
Clockwise,J2-3,13,719.0,4229.290322580645
Clockwise,J2-3,14,716.741935483871,4476.354838709677
Clockwise,J2-3,15,655.516129032258,4721.290322580645
Clockwise,J2-3,16,551.1290322580645,4981.677419354839
Clockwise,J2-3,17,443.258064516129,4651.8387096774195
Clockwise,J2-3,18,395.3225806451613,3990.935483870968
Clockwise,J2-3,19,336.2903225806452,3074.9032258064517
Clockwise,J2-3,20,272.93548387096774,2208.2903225806454
Clockwise,J2-3,21,206.38709677419354,1684.5483870967741
Clockwise,J2-3,22,175.3548387096774,1277.483870967742
Clockwise,J2-3,23,161.1290322580645,895.2258064516129
Clockwise,J20-21,0,186.32258064516128,733.483870967742
Clockwise,J20-21,1,178.38709677419354,491.64516129032256
Clockwise,J20-21,2,180.90322580645162,448.2258064516129
Clockwise,J20-21,3,199.1290322580645,596.9677419354839
Clockwise,J20-21,4,266.51612903225805,841.741935483871
Clockwise,J20-21,5,417.3225806451613,1590.2903225806451
Clockwise,J20-21,6,660.483870967742,3681.8387096774195
Clockwise,J20-21,7,713.3225806451613,5279.8387096774195
Clockwise,J20-21,8,709.1612903225806,5333.903225806452
Clockwise,J20-21,9,822.2903225806451,5140.0
Clockwise,J20-21,10,887.5483870967741,5309.354838709677
Clockwise,J20-21,11,911.6129032258065,5413.064516129032
Clockwise,J20-21,12,932.0967741935484,5475.806451612903
Clockwise,J20-21,13,963.7096774193549,5637.8387096774195
Clockwise,J20-21,14,920.8709677419355,5734.129032258064
Clockwise,J20-21,15,798.9032258064516,5843.1612903225805
Clockwise,J20-21,16,643.516129032258,6047.580645161291
Clockwise,J20-21,17,508.51612903225805,5773.5161290322585
Clockwise,J20-21,18,439.5806451612903,5381.612903225807
Clockwise,J20-21,19,408.19354838709677,4580.064516129032
Clockwise,J20-21,20,367.03225806451616,3375.2580645161293
Clockwise,J20-21,21,294.6774193548387,2434.8709677419356
Clockwise,J20-21,22,215.32258064516128,1711.0645161290322
Clockwise,J20-21,23,196.7741935483871,1198.6129032258063
Clockwise,J21-21a,0,99.25806451612904,383.83870967741933
Clockwise,J21-21a,1,90.58064516129032,249.06451612903226
Clockwise,J21-21a,2,93.16129032258064,228.93548387096774
Clockwise,J21-21a,3,105.87096774193549,287.3225806451613
Clockwise,J21-21a,4,151.19354838709677,404.96774193548384
Clockwise,J21-21a,5,254.3548387096774,869.9677419354839
Clockwise,J21-21a,6,472.0967741935484,2408.5806451612902
Clockwise,J21-21a,7,540.516129032258,3593.0
Clockwise,J21-21a,8,515.3548387096774,3555.8709677419356
Clockwise,J21-21a,9,578.1290322580645,3431.2903225806454
Clockwise,J21-21a,10,595.7741935483871,3441.1612903225805
Clockwise,J21-21a,11,614.3548387096774,3525.3870967741937
Clockwise,J21-21a,12,646.3548387096774,3647.7096774193546
Clockwise,J21-21a,13,681.9032258064516,3778.0967741935483
Clockwise,J21-21a,14,677.5806451612904,3889.2580645161293
Clockwise,J21-21a,15,590.8709677419355,4006.032258064516
Clockwise,J21-21a,16,485.51612903225805,4224.258064516129
Clockwise,J21-21a,17,389.258064516129,4105.419354838709
Clockwise,J21-21a,18,322.4516129032258,3782.3225806451615
Clockwise,J21-21a,19,272.9032258064516,3051.3225806451615
Clockwise,J21-21a,20,220.90322580645162,2110.1290322580644
Clockwise,J21-21a,21,174.96774193548387,1475.741935483871
Clockwise,J21-21a,22,128.0,1036.8387096774193
Clockwise,J21-21a,23,116.96774193548387,709.7741935483871
Clockwise,J21a-22,0,272.3225806451613,779.9032258064516
Clockwise,J21a-22,1,282.2903225806452,601.8064516129032
Clockwise,J21a-22,2,289.9032258064516,559.8709677419355
Clockwise,J21a-22,3,340.7741935483871,645.5806451612904
Clockwise,J21a-22,4,492.35483870967744,938.516129032258
Clockwise,J21a-22,5,725.2258064516129,1681.4516129032259
Clockwise,J21a-22,6,944.9354838709677,3379.2258064516127
Clockwise,J21a-22,7,991.9677419354839,4903.193548387097
Clockwise,J21a-22,8,959.3548387096774,5061.1612903225805
Clockwise,J21a-22,9,1008.741935483871,4639.064516129032
Clockwise,J21a-22,10,1029.3870967741937,4506.4838709677415
Clockwise,J21a-22,11,1054.4516129032259,4655.193548387097
Clockwise,J21a-22,12,1104.516129032258,4896.1612903225805
Clockwise,J21a-22,13,1140.9032258064517,5126.064516129032
Clockwise,J21a-22,14,1126.516129032258,5288.032258064516
Clockwise,J21a-22,15,1011.3870967741935,5463.645161290323
Clockwise,J21a-22,16,857.0645161290323,5563.322580645161
Clockwise,J21a-22,17,718.8064516129032,5352.1612903225805
Clockwise,J21a-22,18,618.1612903225806,5040.290322580645
Clockwise,J21a-22,19,518.3548387096774,3979.451612903226
Clockwise,J21a-22,20,435.4193548387097,2910.3870967741937
Clockwise,J21a-22,21,371.2258064516129,2201.3548387096776
Clockwise,J21a-22,22,303.9032258064516,1631.1935483870968
Clockwise,J21a-22,23,287.7096774193548,1181.6451612903227
Clockwise,J22-23,0,271.9032258064516,815.6451612903226
Clockwise,J22-23,1,287.5483870967742,631.7096774193549
Clockwise,J22-23,2,295.38709677419354,581.2258064516129
Clockwise,J22-23,3,342.741935483871,660.6774193548387
Clockwise,J22-23,4,487.80645161290323,934.0967741935484
Clockwise,J22-23,5,713.3870967741935,1639.258064516129
Clockwise,J22-23,6,939.3870967741935,3340.451612903226
Clockwise,J22-23,7,953.6451612903226,4568.935483870968
Clockwise,J22-23,8,917.741935483871,4693.580645161291
Clockwise,J22-23,9,973.6451612903226,4562.064516129032
Clockwise,J22-23,10,1003.1290322580645,4490.0
Clockwise,J22-23,11,1021.9032258064516,4652.774193548387
Clockwise,J22-23,12,1059.225806451613,4868.387096774193
Clockwise,J22-23,13,1099.0645161290322,5091.903225806452
Clockwise,J22-23,14,1059.6451612903227,5145.193548387097
Clockwise,J22-23,15,929.3548387096774,5136.870967741936
Clockwise,J22-23,16,798.8387096774194,5230.064516129032
Clockwise,J22-23,17,696.1612903225806,5140.8387096774195
Clockwise,J22-23,18,613.483870967742,4944.935483870968
Clockwise,J22-23,19,515.6451612903226,4049.2258064516127
Clockwise,J22-23,20,433.51612903225805,3026.8709677419356
Clockwise,J22-23,21,364.38709677419354,2305.2903225806454
Clockwise,J22-23,22,307.96774193548384,1747.9032258064517
Clockwise,J22-23,23,287.51612903225805,1225.4193548387098
Clockwise,J23-24,0,322.6774193548387,979.0322580645161
Clockwise,J23-24,1,344.80645161290323,769.8064516129032
Clockwise,J23-24,2,341.80645161290323,701.741935483871
Clockwise,J23-24,3,399.4516129032258,811.5483870967741
Clockwise,J23-24,4,575.9354838709677,1132.8387096774193
Clockwise,J23-24,5,856.0322580645161,1901.258064516129
Clockwise,J23-24,6,1289.741935483871,3733.3548387096776
Clockwise,J23-24,7,1363.6774193548388,4669.1612903225805
Clockwise,J23-24,8,1241.8064516129032,4572.4838709677415
Clockwise,J23-24,9,1347.6774193548388,4716.451612903225
Clockwise,J23-24,10,1405.516129032258,4778.096774193548
Clockwise,J23-24,11,1441.6129032258063,5002.709677419355
Clockwise,J23-24,12,1527.8709677419354,5223.709677419355
Clockwise,J23-24,13,1623.1612903225807,5438.419354838709
Clockwise,J23-24,14,1643.9354838709678,5525.064516129032
Clockwise,J23-24,15,1589.967741935484,5649.451612903225
Clockwise,J23-24,16,1485.8064516129032,5728.612903225807
Clockwise,J23-24,17,1406.8709677419354,5726.741935483871
Clockwise,J23-24,18,1159.516129032258,5287.129032258064
Clockwise,J23-24,19,936.0645161290323,4737.4838709677415
Clockwise,J23-24,20,650.3225806451613,3513.9032258064517
Clockwise,J23-24,21,508.5483870967742,2634.6774193548385
Clockwise,J23-24,22,411.2903225806452,2043.4193548387098
Clockwise,J23-24,23,364.3225806451613,1493.967741935484
Clockwise,J24-25,0,350.4516129032258,954.258064516129
Clockwise,J24-25,1,351.38709677419354,743.2903225806451
Clockwise,J24-25,2,350.64516129032256,671.8064516129032
Clockwise,J24-25,3,409.93548387096774,785.3225806451613
Clockwise,J24-25,4,569.9677419354839,1069.9354838709678
Clockwise,J24-25,5,870.9032258064516,1806.3225806451612
Clockwise,J24-25,6,1282.4193548387098,3409.935483870968
Clockwise,J24-25,7,1342.7096774193549,4252.4838709677415
Clockwise,J24-25,8,1263.741935483871,4246.451612903225
Clockwise,J24-25,9,1369.032258064516,4393.451612903225
Clockwise,J24-25,10,1423.0967741935483,4489.806451612903
Clockwise,J24-25,11,1496.516129032258,4732.387096774193
Clockwise,J24-25,12,1555.6451612903227,4946.419354838709
Clockwise,J24-25,13,1648.5483870967741,5107.677419354839
Clockwise,J24-25,14,1711.0967741935483,5285.354838709677
Clockwise,J24-25,15,1667.7096774193549,5459.806451612903
Clockwise,J24-25,16,1593.3870967741937,5633.967741935484
Clockwise,J24-25,17,1507.9032258064517,5547.129032258064
Clockwise,J24-25,18,1309.7096774193549,5190.677419354839
Clockwise,J24-25,19,1010.4193548387096,4475.709677419355
Clockwise,J24-25,20,721.258064516129,3377.451612903226
Clockwise,J24-25,21,564.7096774193549,2529.3225806451615
Clockwise,J24-25,22,468.93548387096774,1944.0645161290322
Clockwise,J24-25,23,403.0967741935484,1418.2903225806451
Clockwise,J25-26,0,222.96774193548387,715.1935483870968
Clockwise,J25-26,1,229.2258064516129,528.5806451612904
Clockwise,J25-26,2,229.06451612903226,466.83870967741933
Clockwise,J25-26,3,272.2903225806452,565.741935483871
Clockwise,J25-26,4,405.0967741935484,828.2903225806451
Clockwise,J25-26,5,720.258064516129,1661.225806451613
Clockwise,J25-26,6,1020.7741935483871,3159.548387096774
Clockwise,J25-26,7,1029.967741935484,3838.483870967742
Clockwise,J25-26,8,968.7096774193549,3764.8709677419356
Clockwise,J25-26,9,1088.6451612903227,4038.7741935483873
Clockwise,J25-26,10,1142.5806451612902,4229.258064516129
Clockwise,J25-26,11,1208.5806451612902,4431.419354838709
Clockwise,J25-26,12,1285.3870967741937,4596.709677419355
Clockwise,J25-26,13,1332.5483870967741,4726.870967741936
Clockwise,J25-26,14,1380.741935483871,4991.709677419355
Clockwise,J25-26,15,1315.225806451613,5251.5161290322585
Clockwise,J25-26,16,1195.4193548387098,5362.870967741936
Clockwise,J25-26,17,1092.0967741935483,5331.4838709677415
Clockwise,J25-26,18,949.9354838709677,5036.548387096775
Clockwise,J25-26,19,765.1612903225806,4232.677419354839
Clockwise,J25-26,20,548.9677419354839,3106.967741935484
Clockwise,J25-26,21,418.4516129032258,2321.6129032258063
Clockwise,J25-26,22,350.51612903225805,1762.774193548387
Clockwise,J25-26,23,283.1290322580645,1206.9354838709678
Clockwise,J26-27,0,310.2903225806452,863.7741935483871
Clockwise,J26-27,1,318.93548387096774,675.4516129032259
Clockwise,J26-27,2,324.4193548387097,611.7096774193549
Clockwise,J26-27,3,380.7096774193548,754.4516129032259
Clockwise,J26-27,4,504.4516129032258,1005.0
Clockwise,J26-27,5,773.483870967742,1699.8387096774193
Clockwise,J26-27,6,1077.5483870967741,3152.1935483870966
Clockwise,J26-27,7,1081.483870967742,3908.7096774193546
Clockwise,J26-27,8,995.0645161290323,3785.516129032258
Clockwise,J26-27,9,1099.6451612903227,4030.8387096774195
Clockwise,J26-27,10,1174.5483870967741,4291.645161290323
Clockwise,J26-27,11,1256.0,4505.1612903225805
Clockwise,J26-27,12,1333.258064516129,4674.580645161291
Clockwise,J26-27,13,1365.8709677419354,4770.548387096775
Clockwise,J26-27,14,1378.6451612903227,5033.322580645161
Clockwise,J26-27,15,1301.8064516129032,5223.354838709677
Clockwise,J26-27,16,1190.6129032258063,5213.064516129032
Clockwise,J26-27,17,1070.1935483870968,5153.290322580645
Clockwise,J26-27,18,902.2903225806451,4828.548387096775
Clockwise,J26-27,19,763.1935483870968,4038.1935483870966
Clockwise,J26-27,20,560.4193548387096,2994.3548387096776
Clockwise,J26-27,21,438.16129032258067,2236.483870967742
Clockwise,J26-27,22,385.9032258064516,1748.032258064516
Clockwise,J26-27,23,345.35483870967744,1316.3225806451612
Clockwise,J27-28,0,301.6774193548387,926.7096774193549
Clockwise,J27-28,1,318.06451612903226,732.3870967741935
Clockwise,J27-28,2,315.16129032258067,611.3548387096774
Clockwise,J27-28,3,368.2903225806452,664.9032258064516
Clockwise,J27-28,4,490.2258064516129,898.8387096774194
Clockwise,J27-28,5,859.1612903225806,1712.6774193548388
Clockwise,J27-28,6,1186.774193548387,3319.4193548387098
Clockwise,J27-28,7,1171.3870967741937,4502.451612903225
Clockwise,J27-28,8,1038.4193548387098,4263.290322580645
Clockwise,J27-28,9,1090.3870967741937,4156.225806451613
Clockwise,J27-28,10,1197.3870967741937,4384.322580645161
Clockwise,J27-28,11,1256.3870967741937,4603.5161290322585
Clockwise,J27-28,12,1302.1612903225807,4811.8387096774195
Clockwise,J27-28,13,1373.6129032258063,5101.870967741936
Clockwise,J27-28,14,1425.4516129032259,5523.8387096774195
Clockwise,J27-28,15,1352.1935483870968,5776.548387096775
Clockwise,J27-28,16,1169.225806451613,6020.580645161291
Clockwise,J27-28,17,1001.3870967741935,5908.774193548387
Clockwise,J27-28,18,833.3548387096774,5298.709677419355
Clockwise,J27-28,19,698.483870967742,4135.354838709677
Clockwise,J27-28,20,536.1290322580645,3020.0
Clockwise,J27-28,21,432.61290322580646,2160.483870967742
Clockwise,J27-28,22,349.38709677419354,1621.741935483871
Clockwise,J27-28,23,319.35483870967744,1247.516129032258
Clockwise,J28-29,0,287.64516129032256,844.9354838709677
Clockwise,J28-29,1,298.1290322580645,684.8387096774194
Clockwise,J28-29,2,294.0,593.8064516129032
Clockwise,J28-29,3,345.7741935483871,686.8709677419355
Clockwise,J28-29,4,458.7096774193548,978.5483870967741
Clockwise,J28-29,5,838.7741935483871,2143.2258064516127
Clockwise,J28-29,6,1163.5806451612902,3665.6129032258063
Clockwise,J28-29,7,1084.5806451612902,4461.8387096774195
Clockwise,J28-29,8,975.1290322580645,4265.1612903225805
Clockwise,J28-29,9,1013.9354838709677,4227.774193548387
Clockwise,J28-29,10,1123.8064516129032,4570.677419354839
Clockwise,J28-29,11,1173.3870967741937,4662.225806451613
Clockwise,J28-29,12,1189.6774193548388,4727.193548387097
Clockwise,J28-29,13,1258.967741935484,4881.741935483871
Clockwise,J28-29,14,1272.4193548387098,5107.096774193548
Clockwise,J28-29,15,1198.1935483870968,5339.419354838709
Clockwise,J28-29,16,1081.2903225806451,5537.4838709677415
Clockwise,J28-29,17,993.8387096774194,5413.870967741936
Clockwise,J28-29,18,832.8064516129032,4716.387096774193
Clockwise,J28-29,19,654.0645161290323,3598.2903225806454
Clockwise,J28-29,20,508.19354838709677,2633.2258064516127
Clockwise,J28-29,21,405.5483870967742,1912.7096774193549
Clockwise,J28-29,22,333.7741935483871,1451.225806451613
Clockwise,J28-29,23,303.64516129032256,1119.9354838709678
Clockwise,J29-30,0,259.5806451612903,703.741935483871
Clockwise,J29-30,1,266.258064516129,572.7096774193549
Clockwise,J29-30,2,267.7096774193548,514.3870967741935
Clockwise,J29-30,3,321.5483870967742,617.4516129032259
Clockwise,J29-30,4,441.96774193548384,940.0645161290323
Clockwise,J29-30,5,899.2903225806451,2374.516129032258
Clockwise,J29-30,6,1323.483870967742,3667.064516129032
Clockwise,J29-30,7,1215.1612903225807,3960.8387096774195
Clockwise,J29-30,8,1075.516129032258,3912.8387096774195
Clockwise,J29-30,9,1093.8709677419354,4106.741935483871
Clockwise,J29-30,10,1161.2903225806451,4499.967741935484
Clockwise,J29-30,11,1226.774193548387,4553.322580645161
Clockwise,J29-30,12,1228.516129032258,4474.193548387097
Clockwise,J29-30,13,1276.032258064516,4527.774193548387
Clockwise,J29-30,14,1277.0967741935483,4565.032258064516
Clockwise,J29-30,15,1202.4193548387098,4684.870967741936
Clockwise,J29-30,16,1095.774193548387,5005.967741935484
Clockwise,J29-30,17,963.7741935483871,4833.064516129032
Clockwise,J29-30,18,850.8709677419355,4213.645161290323
Clockwise,J29-30,19,672.741935483871,3187.7741935483873
Clockwise,J29-30,20,527.6129032258065,2337.7096774193546
Clockwise,J29-30,21,426.5483870967742,1705.483870967742
Clockwise,J29-30,22,343.61290322580646,1317.5806451612902
Clockwise,J29-30,23,300.5806451612903,984.7741935483871
Clockwise,J3-4,0,104.70967741935483,522.741935483871
Clockwise,J3-4,1,109.48387096774194,367.8709677419355
Clockwise,J3-4,2,119.70967741935483,359.4193548387097
Clockwise,J3-4,3,146.09677419354838,510.16129032258067
Clockwise,J3-4,4,246.4516129032258,834.1612903225806
Clockwise,J3-4,5,466.06451612903226,2292.935483870968
Clockwise,J3-4,6,626.6129032258065,4248.451612903225
Clockwise,J3-4,7,571.2903225806451,4348.290322580645
Clockwise,J3-4,8,533.6774193548387,4149.645161290323
Clockwise,J3-4,9,524.483870967742,3879.1935483870966
Clockwise,J3-4,10,493.4516129032258,3726.7096774193546
Clockwise,J3-4,11,456.96774193548384,3654.3870967741937
Clockwise,J3-4,12,433.51612903225805,3669.548387096774
Clockwise,J3-4,13,409.96774193548384,3647.3870967741937
Clockwise,J3-4,14,371.38709677419354,3775.032258064516
Clockwise,J3-4,15,325.5806451612903,4027.451612903226
Clockwise,J3-4,16,263.19354838709677,4265.870967741936
Clockwise,J3-4,17,212.70967741935485,4113.0
Clockwise,J3-4,18,181.7741935483871,3500.3548387096776
Clockwise,J3-4,19,151.74193548387098,2597.7741935483873
Clockwise,J3-4,20,137.09677419354838,1825.1612903225807
Clockwise,J3-4,21,109.41935483870968,1375.3870967741937
Clockwise,J3-4,22,102.6774193548387,1052.8709677419354
Clockwise,J3-4,23,107.87096774193549,797.3225806451613
Clockwise,J4-5,0,92.19354838709677,496.2903225806452
Clockwise,J4-5,1,97.58064516129032,348.2903225806452
Clockwise,J4-5,2,113.74193548387096,342.93548387096774
Clockwise,J4-5,3,135.41935483870967,493.19354838709677
Clockwise,J4-5,4,222.61290322580646,788.1935483870968
Clockwise,J4-5,5,396.6774193548387,1982.3870967741937
Clockwise,J4-5,6,497.35483870967744,3576.548387096774
Clockwise,J4-5,7,444.35483870967744,3557.1290322580644
Clockwise,J4-5,8,403.9032258064516,3538.4193548387098
Clockwise,J4-5,9,413.5483870967742,3491.3548387096776
Clockwise,J4-5,10,397.0,3462.3225806451615
Clockwise,J4-5,11,359.7741935483871,3381.5806451612902
Clockwise,J4-5,12,347.19354838709677,3339.8709677419356
Clockwise,J4-5,13,329.96774193548384,3285.6129032258063
Clockwise,J4-5,14,296.258064516129,3404.9032258064517
Clockwise,J4-5,15,262.03225806451616,3622.8064516129034
Clockwise,J4-5,16,219.0,3823.1935483870966
Clockwise,J4-5,17,178.51612903225808,3705.1612903225805
Clockwise,J4-5,18,152.90322580645162,3184.2258064516127
Clockwise,J4-5,19,124.12903225806451,2363.548387096774
Clockwise,J4-5,20,117.64516129032258,1675.4516129032259
Clockwise,J4-5,21,97.0,1236.3225806451612
Clockwise,J4-5,22,89.16129032258064,952.8064516129032
Clockwise,J4-5,23,97.74193548387096,759.0967741935484
Clockwise,J5-6,0,196.96774193548387,752.9354838709677
Clockwise,J5-6,1,185.41935483870967,559.8064516129032
Clockwise,J5-6,2,201.4516129032258,554.483870967742
Clockwise,J5-6,3,231.25806451612902,744.9032258064516
Clockwise,J5-6,4,409.48387096774195,1276.9354838709678
Clockwise,J5-6,5,820.9677419354839,3195.8709677419356
Clockwise,J5-6,6,1491.1290322580646,5303.4838709677415
Clockwise,J5-6,7,1416.8064516129032,4680.548387096775
Clockwise,J5-6,8,1120.6774193548388,4559.677419354839
Clockwise,J5-6,9,1119.774193548387,4835.225806451613
Clockwise,J5-6,10,1102.2903225806451,4836.290322580645
Clockwise,J5-6,11,1056.1935483870968,4574.129032258064
Clockwise,J5-6,12,1014.8387096774194,4332.096774193548
Clockwise,J5-6,13,992.741935483871,4304.709677419355
Clockwise,J5-6,14,953.2903225806451,4344.1612903225805
Clockwise,J5-6,15,922.516129032258,4546.903225806452
Clockwise,J5-6,16,850.2258064516129,4669.903225806452
Clockwise,J5-6,17,792.9677419354839,4565.774193548387
Clockwise,J5-6,18,638.1290322580645,3896.2258064516127
Clockwise,J5-6,19,527.8064516129032,3139.5806451612902
Clockwise,J5-6,20,407.51612903225805,2308.064516129032
Clockwise,J5-6,21,304.38709677419354,1697.7096774193549
Clockwise,J5-6,22,227.1290322580645,1278.967741935484
Clockwise,J5-6,23,211.09677419354838,1018.8387096774194
Clockwise,J6-7,0,161.58064516129033,623.1935483870968
Clockwise,J6-7,1,155.80645161290323,452.4193548387097
Clockwise,J6-7,2,177.83870967741936,453.4516129032258
Clockwise,J6-7,3,199.83870967741936,646.3548387096774
Clockwise,J6-7,4,339.258064516129,1148.3225806451612
Clockwise,J6-7,5,676.483870967742,2940.516129032258
Clockwise,J6-7,6,857.9032258064516,5333.4838709677415
Clockwise,J6-7,7,843.483870967742,5131.258064516129
Clockwise,J6-7,8,783.6451612903226,4996.5161290322585
Clockwise,J6-7,9,781.2903225806451,5094.064516129032
Clockwise,J6-7,10,753.2903225806451,5066.1612903225805
Clockwise,J6-7,11,716.0967741935484,4862.322580645161
Clockwise,J6-7,12,707.1612903225806,4655.677419354839
Clockwise,J6-7,13,689.1935483870968,4536.580645161291
Clockwise,J6-7,14,630.7741935483871,4545.612903225807
Clockwise,J6-7,15,565.9032258064516,4713.774193548387
Clockwise,J6-7,16,466.48387096774195,4903.774193548387
Clockwise,J6-7,17,398.38709677419354,4769.193548387097
Clockwise,J6-7,18,333.6774193548387,3996.0
Clockwise,J6-7,19,330.64516129032256,3159.7096774193546
Clockwise,J6-7,20,305.7096774193548,2272.8709677419356
Clockwise,J6-7,21,228.4516129032258,1597.0967741935483
Clockwise,J6-7,22,177.90322580645162,1194.0645161290322
Clockwise,J6-7,23,159.6451612903226,886.0
Clockwise,J7-8,0,140.4516129032258,777.6451612903226
Clockwise,J7-8,1,139.93548387096774,526.6774193548387
Clockwise,J7-8,2,153.96774193548387,442.38709677419354
Clockwise,J7-8,3,169.48387096774192,482.80645161290323
Clockwise,J7-8,4,279.16129032258067,937.6129032258065
Clockwise,J7-8,5,545.8064516129032,2728.548387096774
Clockwise,J7-8,6,637.6451612903226,5356.290322580645
Clockwise,J7-8,7,602.6774193548387,5251.903225806452
Clockwise,J7-8,8,611.3548387096774,5144.096774193548
Clockwise,J7-8,9,661.8064516129032,5294.903225806452
Clockwise,J7-8,10,671.8064516129032,5389.290322580645
Clockwise,J7-8,11,632.0,5118.290322580645
Clockwise,J7-8,12,600.3548387096774,4837.4838709677415
Clockwise,J7-8,13,599.8064516129032,4752.677419354839
Clockwise,J7-8,14,543.1612903225806,4804.5161290322585
Clockwise,J7-8,15,485.5483870967742,4962.806451612903
Clockwise,J7-8,16,392.35483870967744,5083.129032258064
Clockwise,J7-8,17,348.2903225806452,4879.0
Clockwise,J7-8,18,290.51612903225805,4234.806451612903
Clockwise,J7-8,19,297.2258064516129,3457.2903225806454
Clockwise,J7-8,20,287.03225806451616,2534.1935483870966
Clockwise,J7-8,21,209.03225806451613,1736.5483870967741
Clockwise,J7-8,22,149.4516129032258,1303.032258064516
Clockwise,J7-8,23,140.93548387096774,1065.1612903225807
Clockwise,J8-9,0,146.4516129032258,821.5483870967741
Clockwise,J8-9,1,145.6451612903226,588.8387096774194
Clockwise,J8-9,2,155.41935483870967,470.9032258064516
Clockwise,J8-9,3,181.19354838709677,492.61290322580646
Clockwise,J8-9,4,315.64516129032256,957.9677419354839
Clockwise,J8-9,5,661.1290322580645,2678.0967741935483
Clockwise,J8-9,6,914.9354838709677,5489.774193548387
Clockwise,J8-9,7,815.1935483870968,5133.064516129032
Clockwise,J8-9,8,783.2258064516129,4923.129032258064
Clockwise,J8-9,9,839.1290322580645,5336.774193548387
Clockwise,J8-9,10,859.1935483870968,5470.967741935484
Clockwise,J8-9,11,826.9677419354839,5201.225806451613
Clockwise,J8-9,12,800.1612903225806,4888.4838709677415
Clockwise,J8-9,13,803.9354838709677,4773.612903225807
Clockwise,J8-9,14,741.0967741935484,4817.290322580645
Clockwise,J8-9,15,671.3225806451613,4964.193548387097
Clockwise,J8-9,16,558.5483870967741,5104.129032258064
Clockwise,J8-9,17,479.0967741935484,4872.709677419355
Clockwise,J8-9,18,394.4193548387097,4213.806451612903
Clockwise,J8-9,19,376.96774193548384,3453.1290322580644
Clockwise,J8-9,20,349.48387096774195,2581.6774193548385
Clockwise,J8-9,21,265.1290322580645,1798.8387096774193
Clockwise,J8-9,22,189.06451612903226,1300.032258064516
Clockwise,J8-9,23,160.2258064516129,1013.3870967741935
Clockwise,J9-10,0,98.3225806451613,589.3870967741935
Clockwise,J9-10,1,100.2258064516129,433.16129032258067
Clockwise,J9-10,2,116.09677419354838,353.03225806451616
Clockwise,J9-10,3,153.16129032258064,417.8709677419355
Clockwise,J9-10,4,266.4516129032258,851.2258064516129
Clockwise,J9-10,5,567.483870967742,2408.3225806451615
Clockwise,J9-10,6,769.1290322580645,5040.225806451613
Clockwise,J9-10,7,685.4516129032259,4513.5161290322585
Clockwise,J9-10,8,705.2903225806451,4682.645161290323
Clockwise,J9-10,9,789.2258064516129,5112.258064516129
Clockwise,J9-10,10,822.9032258064516,5380.225806451613
Clockwise,J9-10,11,788.3870967741935,5063.096774193548
Clockwise,J9-10,12,770.258064516129,4847.4838709677415
Clockwise,J9-10,13,784.3225806451613,4795.096774193548
Clockwise,J9-10,14,722.5806451612904,4818.258064516129
Clockwise,J9-10,15,666.0645161290323,5105.387096774193
Clockwise,J9-10,16,545.6451612903226,5266.419354838709
Clockwise,J9-10,17,477.2903225806452,5012.903225806452
Clockwise,J9-10,18,392.64516129032256,4265.064516129032
Clockwise,J9-10,19,362.0967741935484,3511.548387096774
Clockwise,J9-10,20,340.3225806451613,2653.0967741935483
Clockwise,J9-10,21,270.741935483871,1872.1612903225807
Clockwise,J9-10,22,153.51612903225808,1166.1935483870968
Clockwise,J9-10,23,106.51612903225806,738.9677419354839
Clockwise,Dartford QEII,24,146.58064516129033,525.1935483870968
Clockwise,J1-2,24,222.06451612903226,821.9677419354839
Clockwise,J11-12,24,168.03225806451613,878.1935483870968
Clockwise,J12-13,24,164.67741935483872,802.2258064516129
Clockwise,J13-14,24,160.7741935483871,790.5806451612904
Clockwise,J14-15,24,181.48387096774192,956.3870967741935
Clockwise,J15-16,24,219.19354838709677,922.2903225806451
Clockwise,J16-17,24,198.80645161290323,827.5483870967741
Clockwise,J17-18,24,185.70967741935485,776.2903225806451
Clockwise,J18-19,24,188.4516129032258,809.7741935483871
Clockwise,J19-20,24,180.51612903225808,711.8709677419355
Clockwise,J2-3,24,143.38709677419354,589.1290322580645
Clockwise,J20-21,24,186.32258064516128,733.483870967742
Clockwise,J21-21a,24,99.25806451612904,383.83870967741933
Clockwise,J21a-22,24,272.3225806451613,779.9032258064516
Clockwise,J22-23,24,271.9032258064516,815.6451612903226
Clockwise,J23-24,24,322.6774193548387,979.0322580645161
Clockwise,J24-25,24,350.4516129032258,954.258064516129
Clockwise,J25-26,24,222.96774193548387,715.1935483870968
Clockwise,J26-27,24,310.2903225806452,863.7741935483871
Clockwise,J27-28,24,301.6774193548387,926.7096774193549
Clockwise,J28-29,24,287.64516129032256,844.9354838709677
Clockwise,J29-30,24,259.5806451612903,703.741935483871
Clockwise,J3-4,24,104.70967741935483,522.741935483871
Clockwise,J4-5,24,92.19354838709677,496.2903225806452
Clockwise,J5-6,24,196.96774193548387,752.9354838709677
Clockwise,J6-7,24,161.58064516129033,623.1935483870968
Clockwise,J7-8,24,140.4516129032258,777.6451612903226
Clockwise,J8-9,24,146.4516129032258,821.5483870967741
Clockwise,J9-10,24,98.3225806451613,589.3870967741935
Anti-clockwise,Dartford Eastside Tunnel,0,67.64516129032258,285.96774193548384
Anti-clockwise,Dartford Eastside Tunnel,1,72.3225806451613,243.8709677419355
Anti-clockwise,Dartford Eastside Tunnel,2,77.45161290322581,210.38709677419354
Anti-clockwise,Dartford Eastside Tunnel,3,85.80645161290323,250.2258064516129
Anti-clockwise,Dartford Eastside Tunnel,4,194.32258064516128,546.0645161290323
Anti-clockwise,Dartford Eastside Tunnel,5,356.0967741935484,1591.774193548387
Anti-clockwise,Dartford Eastside Tunnel,6,381.3225806451613,2279.7096774193546
Anti-clockwise,Dartford Eastside Tunnel,7,356.51612903225805,2362.3225806451615
Anti-clockwise,Dartford Eastside Tunnel,8,412.3225806451613,2404.3225806451615
Anti-clockwise,Dartford Eastside Tunnel,9,449.2258064516129,2440.9032258064517
Anti-clockwise,Dartford Eastside Tunnel,10,464.7741935483871,2550.8064516129034
Anti-clockwise,Dartford Eastside Tunnel,11,477.03225806451616,2539.7419354838707
Anti-clockwise,Dartford Eastside Tunnel,12,484.4516129032258,2527.6774193548385
Anti-clockwise,Dartford Eastside Tunnel,13,513.3548387096774,2584.6129032258063
Anti-clockwise,Dartford Eastside Tunnel,14,478.96774193548384,2709.1290322580644
Anti-clockwise,Dartford Eastside Tunnel,15,417.35483870967744,2656.2258064516127
Anti-clockwise,Dartford Eastside Tunnel,16,330.83870967741933,2719.1935483870966
Anti-clockwise,Dartford Eastside Tunnel,17,298.1290322580645,2720.4193548387098
Anti-clockwise,Dartford Eastside Tunnel,18,273.35483870967744,2545.483870967742
Anti-clockwise,Dartford Eastside Tunnel,19,235.0,2003.4193548387098
Anti-clockwise,Dartford Eastside Tunnel,20,191.3548387096774,1357.258064516129
Anti-clockwise,Dartford Eastside Tunnel,21,119.19354838709677,839.2903225806451
Anti-clockwise,Dartford Eastside Tunnel,22,86.12903225806451,585.6129032258065
Anti-clockwise,Dartford Eastside Tunnel,23,70.51612903225806,382.83870967741933
Anti-clockwise,Dartford Westside Tunnel,0,171.83870967741936,504.35483870967744
Anti-clockwise,Dartford Westside Tunnel,1,173.32258064516128,415.3225806451613
Anti-clockwise,Dartford Westside Tunnel,2,180.19354838709677,423.35483870967744
Anti-clockwise,Dartford Westside Tunnel,3,187.06451612903226,466.35483870967744
Anti-clockwise,Dartford Westside Tunnel,4,252.25806451612902,641.9032258064516
Anti-clockwise,Dartford Westside Tunnel,5,327.9032258064516,1411.0967741935483
Anti-clockwise,Dartford Westside Tunnel,6,406.03225806451616,1771.9354838709678
Anti-clockwise,Dartford Westside Tunnel,7,403.4193548387097,1967.1612903225807
Anti-clockwise,Dartford Westside Tunnel,8,400.51612903225805,1800.0645161290322
Anti-clockwise,Dartford Westside Tunnel,9,471.258064516129,1858.6451612903227
Anti-clockwise,Dartford Westside Tunnel,10,513.1612903225806,2089.6129032258063
Anti-clockwise,Dartford Westside Tunnel,11,516.3548387096774,2136.6774193548385
Anti-clockwise,Dartford Westside Tunnel,12,519.4516129032259,2174.7096774193546
Anti-clockwise,Dartford Westside Tunnel,13,499.9032258064516,2106.6451612903224
Anti-clockwise,Dartford Westside Tunnel,14,499.64516129032256,2276.3548387096776
Anti-clockwise,Dartford Westside Tunnel,15,467.5806451612903,2322.967741935484
Anti-clockwise,Dartford Westside Tunnel,16,386.9032258064516,2546.935483870968
Anti-clockwise,Dartford Westside Tunnel,17,337.0,2530.0967741935483
Anti-clockwise,Dartford Westside Tunnel,18,293.4516129032258,2192.1612903225805
Anti-clockwise,Dartford Westside Tunnel,19,247.2258064516129,1593.1612903225807
Anti-clockwise,Dartford Westside Tunnel,20,198.83870967741936,1090.0
Anti-clockwise,Dartford Westside Tunnel,21,168.19354838709677,902.1935483870968
Anti-clockwise,Dartford Westside Tunnel,22,187.83870967741936,960.2258064516129
Anti-clockwise,Dartford Westside Tunnel,23,172.58064516129033,682.1290322580645
Anti-clockwise,J1-2,0,263.51612903225805,857.4516129032259
Anti-clockwise,J1-2,1,262.5806451612903,683.4516129032259
Anti-clockwise,J1-2,2,267.38709677419354,648.7741935483871
Anti-clockwise,J1-2,3,284.8709677419355,745.6451612903226
Anti-clockwise,J1-2,4,437.9032258064516,1229.3870967741937
Anti-clockwise,J1-2,5,631.516129032258,3094.9032258064517
Anti-clockwise,J1-2,6,740.2903225806451,4145.451612903225
Anti-clockwise,J1-2,7,753.3225806451613,4456.129032258064
Anti-clockwise,J1-2,8,808.9677419354839,4402.774193548387
Anti-clockwise,J1-2,9,923.3548387096774,4381.645161290323
Anti-clockwise,J1-2,10,965.4193548387096,4519.548387096775
Anti-clockwise,J1-2,11,985.6774193548387,4498.129032258064
Anti-clockwise,J1-2,12,1010.2903225806451,4479.580645161291
Anti-clockwise,J1-2,13,1037.3870967741937,4548.419354838709
Anti-clockwise,J1-2,14,1006.5483870967741,4712.290322580645
Anti-clockwise,J1-2,15,911.0,4644.774193548387
Anti-clockwise,J1-2,16,749.0322580645161,4784.032258064516
Anti-clockwise,J1-2,17,677.9354838709677,4791.612903225807
Anti-clockwise,J1-2,18,579.0967741935484,4409.612903225807
Anti-clockwise,J1-2,19,490.16129032258067,3489.7741935483873
Anti-clockwise,J1-2,20,402.4516129032258,2486.483870967742
Anti-clockwise,J1-2,21,300.93548387096774,1845.1612903225807
Anti-clockwise,J1-2,22,297.3225806451613,1640.3225806451612
Anti-clockwise,J1-2,23,261.83870967741933,1153.741935483871
Anti-clockwise,J10-11,0,158.5483870967742,751.6451612903226
Anti-clockwise,J10-11,1,155.67741935483872,505.5483870967742
Anti-clockwise,J10-11,2,178.70967741935485,490.51612903225805
Anti-clockwise,J10-11,3,206.16129032258064,638.4516129032259
Anti-clockwise,J10-11,4,306.64516129032256,933.9032258064516
Anti-clockwise,J10-11,5,523.6774193548387,1836.2903225806451
Anti-clockwise,J10-11,6,729.4193548387096,4418.387096774193
Anti-clockwise,J10-11,7,664.4516129032259,5296.387096774193
Anti-clockwise,J10-11,8,667.9354838709677,5382.4838709677415
Anti-clockwise,J10-11,9,704.1612903225806,5400.0
Anti-clockwise,J10-11,10,718.516129032258,5465.451612903225
Anti-clockwise,J10-11,11,709.9032258064516,5472.580645161291
Anti-clockwise,J10-11,12,719.4516129032259,5549.580645161291
Anti-clockwise,J10-11,13,705.741935483871,5645.935483870968
Anti-clockwise,J10-11,14,667.3870967741935,5840.774193548387
Anti-clockwise,J10-11,15,590.5806451612904,6185.580645161291
Anti-clockwise,J10-11,16,473.06451612903226,6402.354838709677
Anti-clockwise,J10-11,17,419.741935483871,6157.967741935484
Anti-clockwise,J10-11,18,402.8709677419355,6005.548387096775
Anti-clockwise,J10-11,19,364.741935483871,5048.903225806452
Anti-clockwise,J10-11,20,303.2903225806452,3741.064516129032
Anti-clockwise,J10-11,21,251.1290322580645,2730.2903225806454
Anti-clockwise,J10-11,22,194.70967741935485,1966.3870967741937
Anti-clockwise,J10-11,23,178.38709677419354,1263.5806451612902
Anti-clockwise,J11-12,0,158.03225806451613,813.8387096774194
Anti-clockwise,J11-12,1,163.03225806451613,563.5483870967741
Anti-clockwise,J11-12,2,184.74193548387098,528.9354838709677
Anti-clockwise,J11-12,3,212.74193548387098,661.1612903225806
Anti-clockwise,J11-12,4,315.48387096774195,993.8064516129032
Anti-clockwise,J11-12,5,525.483870967742,2039.967741935484
Anti-clockwise,J11-12,6,706.0645161290323,4878.387096774193
Anti-clockwise,J11-12,7,645.5483870967741,5636.580645161291
Anti-clockwise,J11-12,8,646.2903225806451,5752.354838709677
Anti-clockwise,J11-12,9,687.516129032258,5793.741935483871
Anti-clockwise,J11-12,10,688.9032258064516,5711.129032258064
Anti-clockwise,J11-12,11,679.0967741935484,5723.548387096775
Anti-clockwise,J11-12,12,683.0967741935484,5762.322580645161
Anti-clockwise,J11-12,13,669.3870967741935,5854.322580645161
Anti-clockwise,J11-12,14,628.516129032258,6011.032258064516
Anti-clockwise,J11-12,15,543.483870967742,6065.612903225807
Anti-clockwise,J11-12,16,442.2903225806452,6037.580645161291
Anti-clockwise,J11-12,17,404.258064516129,5858.387096774193
Anti-clockwise,J11-12,18,394.16129032258067,5949.032258064516
Anti-clockwise,J11-12,19,344.6774193548387,5260.290322580645
Anti-clockwise,J11-12,20,288.16129032258067,3964.1612903225805
Anti-clockwise,J11-12,21,241.96774193548387,2938.451612903226
Anti-clockwise,J11-12,22,192.96774193548387,2143.935483870968
Anti-clockwise,J11-12,23,168.67741935483872,1348.0
Anti-clockwise,J12-13,0,192.3548387096774,954.4193548387096
Anti-clockwise,J12-13,1,187.32258064516128,647.7741935483871
Anti-clockwise,J12-13,2,220.09677419354838,567.4516129032259
Anti-clockwise,J12-13,3,246.6451612903226,640.0
Anti-clockwise,J12-13,4,359.48387096774195,1019.7096774193549
Anti-clockwise,J12-13,5,650.483870967742,2239.6451612903224
Anti-clockwise,J12-13,6,968.2258064516129,5267.387096774193
Anti-clockwise,J12-13,7,929.8387096774194,5941.612903225807
Anti-clockwise,J12-13,8,895.9677419354839,5819.258064516129
Anti-clockwise,J12-13,9,906.483870967742,5853.709677419355
Anti-clockwise,J12-13,10,892.0322580645161,5875.193548387097
Anti-clockwise,J12-13,11,889.8709677419355,6023.225806451613
Anti-clockwise,J12-13,12,865.0,6110.419354838709
Anti-clockwise,J12-13,13,848.258064516129,6266.387096774193
Anti-clockwise,J12-13,14,786.516129032258,6549.612903225807
Anti-clockwise,J12-13,15,680.8064516129032,6617.225806451613
Anti-clockwise,J12-13,16,553.1935483870968,6682.193548387097
Anti-clockwise,J12-13,17,480.16129032258067,6577.935483870968
Anti-clockwise,J12-13,18,450.6774193548387,6478.677419354839
Anti-clockwise,J12-13,19,392.38709677419354,5679.193548387097
Anti-clockwise,J12-13,20,338.7096774193548,4389.741935483871
Anti-clockwise,J12-13,21,286.8709677419355,3382.2903225806454
Anti-clockwise,J12-13,22,221.74193548387098,2621.9032258064517
Anti-clockwise,J12-13,23,195.25806451612902,1640.1290322580646
Anti-clockwise,J13-14,0,195.70967741935485,1045.4516129032259
Anti-clockwise,J13-14,1,193.8709677419355,716.2258064516129
Anti-clockwise,J13-14,2,217.32258064516128,598.0645161290323
Anti-clockwise,J13-14,3,251.93548387096774,677.4516129032259
Anti-clockwise,J13-14,4,361.7096774193548,1065.741935483871
Anti-clockwise,J13-14,5,641.1612903225806,2476.9032258064517
Anti-clockwise,J13-14,6,910.4516129032259,5816.225806451613
Anti-clockwise,J13-14,7,859.0967741935484,6590.064516129032
Anti-clockwise,J13-14,8,810.1935483870968,6365.419354838709
Anti-clockwise,J13-14,9,838.6451612903226,6388.290322580645
Anti-clockwise,J13-14,10,838.0967741935484,6345.0
Anti-clockwise,J13-14,11,819.8387096774194,6412.580645161291
Anti-clockwise,J13-14,12,804.516129032258,6529.774193548387
Anti-clockwise,J13-14,13,780.9032258064516,6717.0
Anti-clockwise,J13-14,14,728.4193548387096,7032.258064516129
Anti-clockwise,J13-14,15,623.3225806451613,7087.709677419355
Anti-clockwise,J13-14,16,491.96774193548384,7097.8387096774195
Anti-clockwise,J13-14,17,414.5806451612903,6787.967741935484
Anti-clockwise,J13-14,18,376.48387096774195,6633.290322580645
Anti-clockwise,J13-14,19,337.0,5834.225806451613
Anti-clockwise,J13-14,20,307.6774193548387,4641.935483870968
Anti-clockwise,J13-14,21,265.38709677419354,3633.483870967742
Anti-clockwise,J13-14,22,212.5483870967742,2812.6451612903224
Anti-clockwise,J13-14,23,199.2258064516129,1852.258064516129
Anti-clockwise,J14-15,0,212.51612903225808,1047.225806451613
Anti-clockwise,J14-15,1,211.6451612903226,746.0645161290323
Anti-clockwise,J14-15,2,230.06451612903226,627.741935483871
Anti-clockwise,J14-15,3,263.5483870967742,826.2258064516129
Anti-clockwise,J14-15,4,380.03225806451616,1650.1935483870968
Anti-clockwise,J14-15,5,641.1290322580645,3934.6451612903224
Anti-clockwise,J14-15,6,806.741935483871,6846.741935483871
Anti-clockwise,J14-15,7,754.6774193548387,7371.548387096775
Anti-clockwise,J14-15,8,732.8709677419355,7137.322580645161
Anti-clockwise,J14-15,9,786.3870967741935,7021.451612903225
Anti-clockwise,J14-15,10,799.516129032258,6824.580645161291
Anti-clockwise,J14-15,11,772.9354838709677,6809.4838709677415
Anti-clockwise,J14-15,12,758.4516129032259,6949.4838709677415
Anti-clockwise,J14-15,13,743.5483870967741,7011.741935483871
Anti-clockwise,J14-15,14,711.3225806451613,7013.774193548387
Anti-clockwise,J14-15,15,627.4516129032259,7127.4838709677415
Anti-clockwise,J14-15,16,493.4516129032258,7129.1612903225805
Anti-clockwise,J14-15,17,407.64516129032256,6717.580645161291
Anti-clockwise,J14-15,18,370.48387096774195,6594.677419354839
Anti-clockwise,J14-15,19,351.5483870967742,5923.129032258064
Anti-clockwise,J14-15,20,307.35483870967744,4458.193548387097
Anti-clockwise,J14-15,21,263.93548387096774,3388.7741935483873
Anti-clockwise,J14-15,22,227.58064516129033,2487.1290322580644
Anti-clockwise,J14-15,23,209.19354838709677,1629.516129032258
Anti-clockwise,J15-16,0,256.6774193548387,977.4193548387096
Anti-clockwise,J15-16,1,246.41935483870967,722.0
Anti-clockwise,J15-16,2,264.1290322580645,600.8064516129032
Anti-clockwise,J15-16,3,293.6774193548387,742.741935483871
Anti-clockwise,J15-16,4,413.4516129032258,1394.225806451613
Anti-clockwise,J15-16,5,720.8709677419355,3416.064516129032
Anti-clockwise,J15-16,6,1037.516129032258,6149.1612903225805
Anti-clockwise,J15-16,7,956.9354838709677,6106.258064516129
Anti-clockwise,J15-16,8,881.5806451612904,6146.741935483871
Anti-clockwise,J15-16,9,914.9354838709677,6490.967741935484
Anti-clockwise,J15-16,10,922.8064516129032,6521.806451612903
Anti-clockwise,J15-16,11,878.4193548387096,6398.0
Anti-clockwise,J15-16,12,866.2903225806451,6440.354838709677
Anti-clockwise,J15-16,13,844.8709677419355,6470.935483870968
Anti-clockwise,J15-16,14,817.8064516129032,6528.451612903225
Anti-clockwise,J15-16,15,780.516129032258,6833.451612903225
Anti-clockwise,J15-16,16,675.8064516129032,6925.322580645161
Anti-clockwise,J15-16,17,602.741935483871,6765.580645161291
Anti-clockwise,J15-16,18,532.8387096774194,6478.806451612903
Anti-clockwise,J15-16,19,424.80645161290323,5547.645161290323
Anti-clockwise,J15-16,20,346.64516129032256,4137.967741935484
Anti-clockwise,J15-16,21,302.80645161290323,3065.6451612903224
Anti-clockwise,J15-16,22,266.1290322580645,2130.7741935483873
Anti-clockwise,J15-16,23,245.1290322580645,1410.0645161290322
Anti-clockwise,J16-17,0,234.2258064516129,874.4193548387096
Anti-clockwise,J16-17,1,204.5483870967742,666.0322580645161
Anti-clockwise,J16-17,2,211.93548387096774,519.6451612903226
Anti-clockwise,J16-17,3,222.93548387096774,572.6129032258065
Anti-clockwise,J16-17,4,329.741935483871,1027.3870967741937
Anti-clockwise,J16-17,5,641.0,2766.2580645161293
Anti-clockwise,J16-17,6,983.6774193548387,5173.709677419355
Anti-clockwise,J16-17,7,910.1290322580645,4373.774193548387
Anti-clockwise,J16-17,8,810.9354838709677,4446.193548387097
Anti-clockwise,J16-17,9,838.8709677419355,4954.096774193548
Anti-clockwise,J16-17,10,879.4193548387096,5312.967741935484
Anti-clockwise,J16-17,11,865.4193548387096,5235.225806451613
Anti-clockwise,J16-17,12,866.6774193548387,5166.258064516129
Anti-clockwise,J16-17,13,864.1935483870968,5215.870967741936
Anti-clockwise,J16-17,14,829.5483870967741,5203.8387096774195
Anti-clockwise,J16-17,15,788.3225806451613,5437.1612903225805
Anti-clockwise,J16-17,16,738.516129032258,5766.548387096775
Anti-clockwise,J16-17,17,630.9354838709677,5637.354838709677
Anti-clockwise,J16-17,18,524.5483870967741,5264.290322580645
Anti-clockwise,J16-17,19,418.2258064516129,4275.096774193548
Anti-clockwise,J16-17,20,335.61290322580646,3163.1935483870966
Anti-clockwise,J16-17,21,282.38709677419354,2315.1612903225805
Anti-clockwise,J16-17,22,230.06451612903226,1638.6774193548388
Anti-clockwise,J16-17,23,221.93548387096774,1142.1612903225807
Anti-clockwise,J17-18,0,218.67741935483872,813.741935483871
Anti-clockwise,J17-18,1,193.29032258064515,614.5483870967741
Anti-clockwise,J17-18,2,202.83870967741936,471.5483870967742
Anti-clockwise,J17-18,3,215.74193548387098,535.3870967741935
Anti-clockwise,J17-18,4,323.83870967741933,1007.483870967742
Anti-clockwise,J17-18,5,687.258064516129,2836.9032258064517
Anti-clockwise,J17-18,6,1055.4193548387098,5435.451612903225
Anti-clockwise,J17-18,7,859.8709677419355,4914.387096774193
Anti-clockwise,J17-18,8,757.9677419354839,4793.0
Anti-clockwise,J17-18,9,848.516129032258,5034.5161290322585
Anti-clockwise,J17-18,10,899.258064516129,5247.4838709677415
Anti-clockwise,J17-18,11,888.741935483871,5279.709677419355
Anti-clockwise,J17-18,12,883.0322580645161,5192.612903225807
Anti-clockwise,J17-18,13,882.516129032258,5241.129032258064
Anti-clockwise,J17-18,14,855.8064516129032,5299.129032258064
Anti-clockwise,J17-18,15,797.5806451612904,5547.548387096775
Anti-clockwise,J17-18,16,713.0967741935484,5917.064516129032
Anti-clockwise,J17-18,17,571.9032258064516,5717.709677419355
Anti-clockwise,J17-18,18,496.7741935483871,5324.774193548387
Anti-clockwise,J17-18,19,402.5806451612903,4155.032258064516
Anti-clockwise,J17-18,20,326.35483870967744,3082.8064516129034
Anti-clockwise,J17-18,21,269.64516129032256,2257.2903225806454
Anti-clockwise,J17-18,22,221.48387096774192,1631.4193548387098
Anti-clockwise,J17-18,23,214.38709677419354,1112.258064516129
Anti-clockwise,J18-19,0,220.96774193548387,861.5483870967741
Anti-clockwise,J18-19,1,194.1290322580645,631.9354838709677
Anti-clockwise,J18-19,2,205.8709677419355,486.19354838709677
Anti-clockwise,J18-19,3,222.2258064516129,548.4516129032259
Anti-clockwise,J18-19,4,331.96774193548384,1043.2903225806451
Anti-clockwise,J18-19,5,658.0,3014.4193548387098
Anti-clockwise,J18-19,6,872.9032258064516,5576.548387096775
Anti-clockwise,J18-19,7,781.0967741935484,5399.645161290323
Anti-clockwise,J18-19,8,715.741935483871,5263.032258064516
Anti-clockwise,J18-19,9,788.2903225806451,5524.806451612903
Anti-clockwise,J18-19,10,829.4516129032259,5597.548387096775
Anti-clockwise,J18-19,11,822.2903225806451,5679.774193548387
Anti-clockwise,J18-19,12,809.483870967742,5624.935483870968
Anti-clockwise,J18-19,13,797.0645161290323,5668.387096774193
Anti-clockwise,J18-19,14,758.6129032258065,5740.193548387097
Anti-clockwise,J18-19,15,678.483870967742,5997.935483870968
Anti-clockwise,J18-19,16,586.258064516129,6451.096774193548
Anti-clockwise,J18-19,17,471.51612903225805,6283.129032258064
Anti-clockwise,J18-19,18,409.258064516129,5846.193548387097
Anti-clockwise,J18-19,19,350.1290322580645,4495.935483870968
Anti-clockwise,J18-19,20,301.7096774193548,3296.4193548387098
Anti-clockwise,J18-19,21,263.19354838709677,2408.0
Anti-clockwise,J18-19,22,218.41935483870967,1711.3225806451612
Anti-clockwise,J18-19,23,218.8709677419355,1174.258064516129
Anti-clockwise,J19-20,0,177.06451612903226,670.3225806451613
Anti-clockwise,J19-20,1,156.41935483870967,498.48387096774195
Anti-clockwise,J19-20,2,163.19354838709677,371.19354838709677
Anti-clockwise,J19-20,3,182.09677419354838,430.4193548387097
Anti-clockwise,J19-20,4,309.5483870967742,916.7741935483871
Anti-clockwise,J19-20,5,646.3225806451613,2766.9032258064517
Anti-clockwise,J19-20,6,820.0967741935484,4751.096774193548
Anti-clockwise,J19-20,7,694.4193548387096,4317.612903225807
Anti-clockwise,J19-20,8,650.1612903225806,4337.935483870968
Anti-clockwise,J19-20,9,727.9677419354839,4813.387096774193
Anti-clockwise,J19-20,10,752.0645161290323,4864.870967741936
Anti-clockwise,J19-20,11,741.9677419354839,4893.419354838709
Anti-clockwise,J19-20,12,727.9354838709677,4839.193548387097
Anti-clockwise,J19-20,13,724.0967741935484,4869.870967741936
Anti-clockwise,J19-20,14,681.9354838709677,4882.645161290323
Anti-clockwise,J19-20,15,607.9032258064516,5090.612903225807
Anti-clockwise,J19-20,16,530.8064516129032,5372.0
Anti-clockwise,J19-20,17,430.9032258064516,5136.096774193548
Anti-clockwise,J19-20,18,381.7096774193548,4627.0
Anti-clockwise,J19-20,19,329.7741935483871,3687.483870967742
Anti-clockwise,J19-20,20,290.48387096774195,2798.6451612903224
Anti-clockwise,J19-20,21,254.38709677419354,2044.483870967742
Anti-clockwise,J19-20,22,211.0,1417.5806451612902
Anti-clockwise,J19-20,23,191.0,918.0967741935484
Anti-clockwise,J2-3,0,173.1290322580645,719.9032258064516
Anti-clockwise,J2-3,1,167.67741935483872,563.9677419354839
Anti-clockwise,J2-3,2,160.93548387096774,466.06451612903226
Anti-clockwise,J2-3,3,171.2258064516129,487.38709677419354
Anti-clockwise,J2-3,4,254.51612903225808,710.516129032258
Anti-clockwise,J2-3,5,426.80645161290323,1634.5483870967741
Anti-clockwise,J2-3,6,615.5483870967741,2953.6774193548385
Anti-clockwise,J2-3,7,680.741935483871,3933.5806451612902
Anti-clockwise,J2-3,8,654.3548387096774,3561.1290322580644
Anti-clockwise,J2-3,9,741.9354838709677,3686.9032258064517
Anti-clockwise,J2-3,10,777.483870967742,3992.2258064516127
Anti-clockwise,J2-3,11,795.9032258064516,3992.2903225806454
Anti-clockwise,J2-3,12,853.9032258064516,3957.6774193548385
Anti-clockwise,J2-3,13,908.0,3913.3548387096776
Anti-clockwise,J2-3,14,892.0645161290323,4016.935483870968
Anti-clockwise,J2-3,15,817.0322580645161,4153.935483870968
Anti-clockwise,J2-3,16,738.3548387096774,4069.7096774193546
Anti-clockwise,J2-3,17,653.8387096774194,3968.6129032258063
Anti-clockwise,J2-3,18,492.0,3724.7741935483873
Anti-clockwise,J2-3,19,357.35483870967744,3054.9032258064517
Anti-clockwise,J2-3,20,306.0,2305.483870967742
Anti-clockwise,J2-3,21,232.6451612903226,1668.3225806451612
Anti-clockwise,J2-3,22,212.2258064516129,1327.7096774193549
Anti-clockwise,J2-3,23,177.06451612903226,949.1290322580645
Anti-clockwise,J20-21,0,207.7741935483871,813.6129032258065
Anti-clockwise,J20-21,1,185.80645161290323,604.258064516129
Anti-clockwise,J20-21,2,202.41935483870967,465.64516129032256
Anti-clockwise,J20-21,3,222.83870967741936,514.8387096774194
Anti-clockwise,J20-21,4,348.6774193548387,976.0967741935484
Anti-clockwise,J20-21,5,691.9677419354839,2691.8387096774195
Anti-clockwise,J20-21,6,934.5483870967741,4501.870967741936
Anti-clockwise,J20-21,7,801.0,4355.0
Anti-clockwise,J20-21,8,759.9032258064516,4682.354838709677
Anti-clockwise,J20-21,9,839.7096774193549,5020.580645161291
Anti-clockwise,J20-21,10,845.7741935483871,5002.741935483871
Anti-clockwise,J20-21,11,839.9677419354839,5105.741935483871
Anti-clockwise,J20-21,12,824.3225806451613,5072.806451612903
Anti-clockwise,J20-21,13,827.1290322580645,5139.903225806452
Anti-clockwise,J20-21,14,775.5483870967741,5187.419354838709
Anti-clockwise,J20-21,15,700.0967741935484,5471.129032258064
Anti-clockwise,J20-21,16,613.8064516129032,5883.322580645161
Anti-clockwise,J20-21,17,498.1290322580645,5735.354838709677
Anti-clockwise,J20-21,18,427.2903225806452,5090.935483870968
Anti-clockwise,J20-21,19,355.83870967741933,3918.6129032258063
Anti-clockwise,J20-21,20,314.3225806451613,2937.1290322580644
Anti-clockwise,J20-21,21,268.16129032258067,2137.3870967741937
Anti-clockwise,J20-21,22,228.0,1551.774193548387
Anti-clockwise,J20-21,23,213.4516129032258,1069.9032258064517
Anti-clockwise,J21-21a,0,118.0,456.3225806451613
Anti-clockwise,J21-21a,1,101.29032258064517,324.83870967741933
Anti-clockwise,J21-21a,2,109.83870967741936,240.41935483870967
Anti-clockwise,J21-21a,3,123.70967741935483,273.7741935483871
Anti-clockwise,J21-21a,4,185.09677419354838,520.6129032258065
Anti-clockwise,J21-21a,5,397.5483870967742,1639.4516129032259
Anti-clockwise,J21-21a,6,584.1290322580645,3058.516129032258
Anti-clockwise,J21-21a,7,535.7741935483871,3165.0
Anti-clockwise,J21-21a,8,515.0,3325.2258064516127
Anti-clockwise,J21-21a,9,561.9354838709677,3403.3548387096776
Anti-clockwise,J21-21a,10,550.1290322580645,3386.3870967741937
Anti-clockwise,J21-21a,11,542.516129032258,3482.3548387096776
Anti-clockwise,J21-21a,12,543.7096774193549,3494.1612903225805
Anti-clockwise,J21-21a,13,552.516129032258,3491.064516129032
Anti-clockwise,J21-21a,14,516.9032258064516,3496.9032258064517
Anti-clockwise,J21-21a,15,462.8709677419355,3702.8387096774195
Anti-clockwise,J21-21a,16,414.0967741935484,4076.7096774193546
Anti-clockwise,J21-21a,17,325.96774193548384,3969.2903225806454
Anti-clockwise,J21-21a,18,270.5806451612903,3454.8387096774195
Anti-clockwise,J21-21a,19,216.32258064516128,2598.935483870968
Anti-clockwise,J21-21a,20,180.32258064516128,1831.6774193548388
Anti-clockwise,J21-21a,21,141.58064516129033,1247.8064516129032
Anti-clockwise,J21-21a,22,122.80645161290323,902.483870967742
Anti-clockwise,J21-21a,23,113.54838709677419,614.0645161290323
Anti-clockwise,J21a-22,0,252.4516129032258,784.8709677419355
Anti-clockwise,J21a-22,1,245.80645161290323,599.516129032258
Anti-clockwise,J21a-22,2,242.0,458.5806451612903
Anti-clockwise,J21a-22,3,278.0,559.3870967741935
Anti-clockwise,J21a-22,4,410.03225806451616,936.0
Anti-clockwise,J21a-22,5,815.8387096774194,2304.451612903226
Anti-clockwise,J21a-22,6,1045.6129032258063,4133.903225806452
Anti-clockwise,J21a-22,7,999.258064516129,4650.451612903225
Anti-clockwise,J21a-22,8,952.7096774193549,4593.580645161291
Anti-clockwise,J21a-22,9,1052.5806451612902,4473.4838709677415
Anti-clockwise,J21a-22,10,1004.3870967741935,4422.935483870968
Anti-clockwise,J21a-22,11,996.516129032258,4556.806451612903
Anti-clockwise,J21a-22,12,998.4193548387096,4616.096774193548
Anti-clockwise,J21a-22,13,1008.8064516129032,4623.387096774193
Anti-clockwise,J21a-22,14,991.516129032258,4697.677419354839
Anti-clockwise,J21a-22,15,941.1935483870968,4919.290322580645
Anti-clockwise,J21a-22,16,838.483870967742,5414.096774193548
Anti-clockwise,J21a-22,17,650.8709677419355,5263.8387096774195
Anti-clockwise,J21a-22,18,552.3225806451613,4373.967741935484
Anti-clockwise,J21a-22,19,508.35483870967744,3462.516129032258
Anti-clockwise,J21a-22,20,492.16129032258067,2704.7419354838707
Anti-clockwise,J21a-22,21,395.06451612903226,1950.516129032258
Anti-clockwise,J21a-22,22,307.19354838709677,1429.258064516129
Anti-clockwise,J21a-22,23,251.19354838709677,1024.1612903225807
Anti-clockwise,J22-23,0,261.741935483871,845.8064516129032
Anti-clockwise,J22-23,1,253.16129032258064,649.6129032258065
Anti-clockwise,J22-23,2,251.74193548387098,502.5483870967742
Anti-clockwise,J22-23,3,295.741935483871,626.5483870967741
Anti-clockwise,J22-23,4,455.0967741935484,1043.6774193548388
Anti-clockwise,J22-23,5,883.3225806451613,2504.8709677419356
Anti-clockwise,J22-23,6,1098.5483870967741,4172.5161290322585
Anti-clockwise,J22-23,7,1103.1290322580646,4455.387096774193
Anti-clockwise,J22-23,8,1055.967741935484,4426.258064516129
Anti-clockwise,J22-23,9,1175.5483870967741,4557.677419354839
Anti-clockwise,J22-23,10,1130.774193548387,4564.806451612903
Anti-clockwise,J22-23,11,1114.0,4653.451612903225
Anti-clockwise,J22-23,12,1126.2903225806451,4694.645161290323
Anti-clockwise,J22-23,13,1135.9354838709678,4668.419354838709
Anti-clockwise,J22-23,14,1101.9354838709678,4676.193548387097
Anti-clockwise,J22-23,15,1044.516129032258,4855.1612903225805
Anti-clockwise,J22-23,16,927.3870967741935,5182.354838709677
Anti-clockwise,J22-23,17,783.5483870967741,5083.5161290322585
Anti-clockwise,J22-23,18,659.4516129032259,4327.774193548387
Anti-clockwise,J22-23,19,592.516129032258,3526.2580645161293
Anti-clockwise,J22-23,20,545.7741935483871,2800.032258064516
Anti-clockwise,J22-23,21,423.06451612903226,2013.2903225806451
Anti-clockwise,J22-23,22,323.38709677419354,1501.0
Anti-clockwise,J22-23,23,267.03225806451616,1092.741935483871
Anti-clockwise,J23-24,0,295.5483870967742,945.9354838709677
Anti-clockwise,J23-24,1,286.61290322580646,707.258064516129
Anti-clockwise,J23-24,2,270.61290322580646,536.9354838709677
Anti-clockwise,J23-24,3,315.4193548387097,647.5806451612904
Anti-clockwise,J23-24,4,471.83870967741933,1056.741935483871
Anti-clockwise,J23-24,5,947.8064516129032,2661.7741935483873
Anti-clockwise,J23-24,6,1460.225806451613,4564.677419354839
Anti-clockwise,J23-24,7,1476.6129032258063,4605.5161290322585
Anti-clockwise,J23-24,8,1355.516129032258,4387.322580645161
Anti-clockwise,J23-24,9,1460.4193548387098,4538.258064516129
Anti-clockwise,J23-24,10,1324.741935483871,4458.096774193548
Anti-clockwise,J23-24,11,1259.0,4590.322580645161
Anti-clockwise,J23-24,12,1354.8709677419354,4691.225806451613
Anti-clockwise,J23-24,13,1359.0,4580.290322580645
Anti-clockwise,J23-24,14,1299.5806451612902,4558.903225806452
Anti-clockwise,J23-24,15,1281.6451612903227,4758.967741935484
Anti-clockwise,J23-24,16,1256.5806451612902,4988.0
Anti-clockwise,J23-24,17,1133.3548387096773,4832.8387096774195
Anti-clockwise,J23-24,18,878.0322580645161,4336.387096774193
Anti-clockwise,J23-24,19,696.1612903225806,3706.8387096774195
Anti-clockwise,J23-24,20,618.6129032258065,2965.8387096774195
Anti-clockwise,J23-24,21,462.80645161290323,2187.3870967741937
Anti-clockwise,J23-24,22,356.8709677419355,1678.225806451613
Anti-clockwise,J23-24,23,304.7096774193548,1218.9032258064517
Anti-clockwise,J24-25,0,294.6774193548387,940.3548387096774
Anti-clockwise,J24-25,1,279.3225806451613,698.7741935483871
Anti-clockwise,J24-25,2,272.9032258064516,547.483870967742
Anti-clockwise,J24-25,3,326.7741935483871,674.0
Anti-clockwise,J24-25,4,496.2258064516129,1122.5806451612902
Anti-clockwise,J24-25,5,960.6774193548387,2873.548387096774
Anti-clockwise,J24-25,6,1477.8064516129032,4981.387096774193
Anti-clockwise,J24-25,7,1420.032258064516,4524.225806451613
Anti-clockwise,J24-25,8,1354.6129032258063,4562.451612903225
Anti-clockwise,J24-25,9,1381.1290322580646,4600.064516129032
Anti-clockwise,J24-25,10,1267.1612903225807,4444.5161290322585
Anti-clockwise,J24-25,11,1241.9032258064517,4507.741935483871
Anti-clockwise,J24-25,12,1321.3870967741937,4724.741935483871
Anti-clockwise,J24-25,13,1337.2903225806451,4632.645161290323
Anti-clockwise,J24-25,14,1264.9032258064517,4584.129032258064
Anti-clockwise,J24-25,15,1222.9032258064517,4682.1612903225805
Anti-clockwise,J24-25,16,1114.483870967742,4838.064516129032
Anti-clockwise,J24-25,17,953.8387096774194,4654.322580645161
Anti-clockwise,J24-25,18,859.2258064516129,4212.709677419355
Anti-clockwise,J24-25,19,773.7096774193549,3632.3870967741937
Anti-clockwise,J24-25,20,657.8064516129032,2918.032258064516
Anti-clockwise,J24-25,21,486.258064516129,2143.7419354838707
Anti-clockwise,J24-25,22,374.19354838709677,1606.8387096774193
Anti-clockwise,J24-25,23,308.5806451612903,1208.1612903225807
Anti-clockwise,J25-26,0,195.93548387096774,713.5483870967741
Anti-clockwise,J25-26,1,182.41935483870967,514.3225806451613
Anti-clockwise,J25-26,2,186.1290322580645,408.5483870967742
Anti-clockwise,J25-26,3,235.03225806451613,506.03225806451616
Anti-clockwise,J25-26,4,429.03225806451616,968.6451612903226
Anti-clockwise,J25-26,5,885.3548387096774,2694.548387096774
Anti-clockwise,J25-26,6,1476.8064516129032,4819.0
Anti-clockwise,J25-26,7,1416.032258064516,4779.870967741936
Anti-clockwise,J25-26,8,1310.8064516129032,4602.354838709677
Anti-clockwise,J25-26,9,1235.4516129032259,4457.0
Anti-clockwise,J25-26,10,1218.2903225806451,4478.4838709677415
Anti-clockwise,J25-26,11,1202.4516129032259,4344.5161290322585
Anti-clockwise,J25-26,12,1218.1612903225807,4486.774193548387
Anti-clockwise,J25-26,13,1254.4516129032259,4582.677419354839
Anti-clockwise,J25-26,14,1184.2903225806451,4492.709677419355
Anti-clockwise,J25-26,15,1224.5483870967741,4863.709677419355
Anti-clockwise,J25-26,16,1110.741935483871,5020.548387096775
Anti-clockwise,J25-26,17,1023.9032258064516,4978.129032258064
Anti-clockwise,J25-26,18,860.2903225806451,4342.774193548387
Anti-clockwise,J25-26,19,687.0645161290323,3559.451612903226
Anti-clockwise,J25-26,20,573.8064516129032,2797.8709677419356
Anti-clockwise,J25-26,21,432.0,2018.7096774193549
Anti-clockwise,J25-26,22,335.0,1424.741935483871
Anti-clockwise,J25-26,23,233.41935483870967,1008.5806451612904
Anti-clockwise,J26-27,0,253.29032258064515,848.741935483871
Anti-clockwise,J26-27,1,240.67741935483872,618.0322580645161
Anti-clockwise,J26-27,2,247.80645161290323,522.1612903225806
Anti-clockwise,J26-27,3,303.2258064516129,644.9032258064516
Anti-clockwise,J26-27,4,479.51612903225805,1078.483870967742
Anti-clockwise,J26-27,5,841.9032258064516,2655.0
Anti-clockwise,J26-27,6,1160.0645161290322,4553.870967741936
Anti-clockwise,J26-27,7,1154.5483870967741,4494.451612903225
Anti-clockwise,J26-27,8,1044.1290322580646,4264.129032258064
Anti-clockwise,J26-27,9,1067.8064516129032,4224.612903225807
Anti-clockwise,J26-27,10,1047.4516129032259,4250.1612903225805
Anti-clockwise,J26-27,11,1002.258064516129,4138.0
Anti-clockwise,J26-27,12,1028.7096774193549,4292.741935483871
Anti-clockwise,J26-27,13,1053.3870967741937,4423.967741935484
Anti-clockwise,J26-27,14,1020.741935483871,4370.064516129032
Anti-clockwise,J26-27,15,1025.1290322580646,4666.258064516129
Anti-clockwise,J26-27,16,910.3548387096774,4920.032258064516
Anti-clockwise,J26-27,17,798.0967741935484,4841.741935483871
Anti-clockwise,J26-27,18,682.3870967741935,4157.1612903225805
Anti-clockwise,J26-27,19,550.8709677419355,3279.8709677419356
Anti-clockwise,J26-27,20,483.48387096774195,2592.6129032258063
Anti-clockwise,J26-27,21,372.3225806451613,1859.483870967742
Anti-clockwise,J26-27,22,332.7096774193548,1428.1935483870968
Anti-clockwise,J26-27,23,292.80645161290323,1160.3548387096773
Anti-clockwise,J27-28,0,248.3548387096774,641.516129032258
Anti-clockwise,J27-28,1,245.41935483870967,483.93548387096774
Anti-clockwise,J27-28,2,268.258064516129,501.48387096774195
Anti-clockwise,J27-28,3,330.0967741935484,666.1290322580645
Anti-clockwise,J27-28,4,589.5806451612904,1274.516129032258
Anti-clockwise,J27-28,5,1102.3870967741937,3533.1290322580644
Anti-clockwise,J27-28,6,1359.5806451612902,5292.806451612903
Anti-clockwise,J27-28,7,1233.032258064516,4791.774193548387
Anti-clockwise,J27-28,8,1188.9032258064517,4569.806451612903
Anti-clockwise,J27-28,9,1188.3870967741937,4513.129032258064
Anti-clockwise,J27-28,10,1160.3225806451612,4591.290322580645
Anti-clockwise,J27-28,11,1136.741935483871,4558.258064516129
Anti-clockwise,J27-28,12,1125.5806451612902,4538.580645161291
Anti-clockwise,J27-28,13,1146.967741935484,4530.548387096775
Anti-clockwise,J27-28,14,1059.967741935484,4532.451612903225
Anti-clockwise,J27-28,15,1033.5806451612902,4761.967741935484
Anti-clockwise,J27-28,16,869.3870967741935,5065.580645161291
Anti-clockwise,J27-28,17,774.2903225806451,4995.935483870968
Anti-clockwise,J27-28,18,674.7096774193549,4145.064516129032
Anti-clockwise,J27-28,19,579.2903225806451,3167.967741935484
Anti-clockwise,J27-28,20,502.96774193548384,2328.3548387096776
Anti-clockwise,J27-28,21,390.61290322580646,1669.4193548387098
Anti-clockwise,J27-28,22,331.35483870967744,1297.483870967742
Anti-clockwise,J27-28,23,277.64516129032256,950.0322580645161
Anti-clockwise,J28-29,0,235.48387096774192,615.1935483870968
Anti-clockwise,J28-29,1,226.09677419354838,476.19354838709677
Anti-clockwise,J28-29,2,251.41935483870967,483.9032258064516
Anti-clockwise,J28-29,3,317.1290322580645,618.5806451612904
Anti-clockwise,J28-29,4,587.1612903225806,1150.5483870967741
Anti-clockwise,J28-29,5,1045.0967741935483,2817.7096774193546
Anti-clockwise,J28-29,6,1273.1612903225807,4257.129032258064
Anti-clockwise,J28-29,7,1175.5483870967741,4159.096774193548
Anti-clockwise,J28-29,8,1154.4516129032259,4224.258064516129
Anti-clockwise,J28-29,9,1155.8709677419354,4119.741935483871
Anti-clockwise,J28-29,10,1124.8709677419354,4142.5161290322585
Anti-clockwise,J28-29,11,1140.6129032258063,4283.967741935484
Anti-clockwise,J28-29,12,1161.5483870967741,4426.612903225807
Anti-clockwise,J28-29,13,1190.5483870967741,4548.806451612903
Anti-clockwise,J28-29,14,1117.6129032258063,4736.032258064516
Anti-clockwise,J28-29,15,1087.1612903225807,4972.935483870968
Anti-clockwise,J28-29,16,906.9032258064516,5321.741935483871
Anti-clockwise,J28-29,17,789.2258064516129,5169.5161290322585
Anti-clockwise,J28-29,18,690.9354838709677,4334.645161290323
Anti-clockwise,J28-29,19,578.4193548387096,3284.064516129032
Anti-clockwise,J28-29,20,479.6774193548387,2387.2580645161293
Anti-clockwise,J28-29,21,364.83870967741933,1684.0967741935483
Anti-clockwise,J28-29,22,308.741935483871,1302.0
Anti-clockwise,J28-29,23,257.93548387096774,894.8709677419355
Anti-clockwise,J29-30,0,249.93548387096774,706.483870967742
Anti-clockwise,J29-30,1,243.58064516129033,562.5806451612904
Anti-clockwise,J29-30,2,266.8709677419355,550.5806451612904
Anti-clockwise,J29-30,3,326.3225806451613,657.483870967742
Anti-clockwise,J29-30,4,571.1612903225806,1076.258064516129
Anti-clockwise,J29-30,5,941.4193548387096,2345.3870967741937
Anti-clockwise,J29-30,6,1184.9032258064517,3712.8709677419356
Anti-clockwise,J29-30,7,1093.8709677419354,3827.3225806451615
Anti-clockwise,J29-30,8,1050.032258064516,3718.451612903226
Anti-clockwise,J29-30,9,1095.1612903225807,3719.2580645161293
Anti-clockwise,J29-30,10,1109.032258064516,3906.2258064516127
Anti-clockwise,J29-30,11,1131.7096774193549,4116.419354838709
Anti-clockwise,J29-30,12,1168.483870967742,4367.806451612903
Anti-clockwise,J29-30,13,1193.9354838709678,4522.741935483871
Anti-clockwise,J29-30,14,1159.6774193548388,4931.354838709677
Anti-clockwise,J29-30,15,1127.774193548387,5085.903225806452
Anti-clockwise,J29-30,16,974.6129032258065,5272.548387096775
Anti-clockwise,J29-30,17,875.2903225806451,5116.290322580645
Anti-clockwise,J29-30,18,751.8387096774194,4467.096774193548
Anti-clockwise,J29-30,19,590.4516129032259,3502.483870967742
Anti-clockwise,J29-30,20,463.61290322580646,2524.3225806451615
Anti-clockwise,J29-30,21,343.4193548387097,1807.774193548387
Anti-clockwise,J29-30,22,310.258064516129,1502.1290322580646
Anti-clockwise,J29-30,23,271.741935483871,978.6129032258065
Anti-clockwise,J3-4,0,115.03225806451613,691.3225806451613
Anti-clockwise,J3-4,1,104.64516129032258,517.1935483870968
Anti-clockwise,J3-4,2,102.96774193548387,392.1290322580645
Anti-clockwise,J3-4,3,109.03225806451613,399.9032258064516
Anti-clockwise,J3-4,4,136.74193548387098,515.741935483871
Anti-clockwise,J3-4,5,221.5483870967742,1191.225806451613
Anti-clockwise,J3-4,6,352.64516129032256,2320.8387096774195
Anti-clockwise,J3-4,7,417.03225806451616,3426.1935483870966
Anti-clockwise,J3-4,8,382.16129032258067,3194.7096774193546
Anti-clockwise,J3-4,9,479.0967741935484,3352.7419354838707
Anti-clockwise,J3-4,10,529.516129032258,3650.2258064516127
Anti-clockwise,J3-4,11,548.9677419354839,3698.451612903226
Anti-clockwise,J3-4,12,609.516129032258,3792.7741935483873
Anti-clockwise,J3-4,13,654.9032258064516,3831.516129032258
Anti-clockwise,J3-4,14,644.1935483870968,4020.2580645161293
Anti-clockwise,J3-4,15,572.4516129032259,4292.709677419355
Anti-clockwise,J3-4,16,459.93548387096774,4580.806451612903
Anti-clockwise,J3-4,17,332.1290322580645,4399.548387096775
Anti-clockwise,J3-4,18,260.1290322580645,3768.064516129032
Anti-clockwise,J3-4,19,200.3548387096774,2812.2903225806454
Anti-clockwise,J3-4,20,172.58064516129033,2066.935483870968
Anti-clockwise,J3-4,21,139.2258064516129,1496.5483870967741
Anti-clockwise,J3-4,22,127.03225806451613,1194.6451612903227
Anti-clockwise,J3-4,23,112.96774193548387,893.0645161290323
Anti-clockwise,J30-31,0,209.5483870967742,738.3870967741935
Anti-clockwise,J30-31,1,218.5483870967742,616.8064516129032
Anti-clockwise,J30-31,2,231.83870967741936,605.5483870967741
Anti-clockwise,J30-31,3,251.03225806451613,680.4193548387096
Anti-clockwise,J30-31,4,403.258064516129,1083.6451612903227
Anti-clockwise,J30-31,5,633.4193548387096,2464.6129032258063
Anti-clockwise,J30-31,6,709.3548387096774,3466.451612903226
Anti-clockwise,J30-31,7,705.4516129032259,3532.2258064516127
Anti-clockwise,J30-31,8,740.0322580645161,3413.7096774193546
Anti-clockwise,J30-31,9,804.6451612903226,3501.6129032258063
Anti-clockwise,J30-31,10,829.8064516129032,3733.7741935483873
Anti-clockwise,J30-31,11,833.2258064516129,3768.5806451612902
Anti-clockwise,J30-31,12,812.741935483871,3795.3870967741937
Anti-clockwise,J30-31,13,839.8709677419355,3842.483870967742
Anti-clockwise,J30-31,14,800.5806451612904,4064.1935483870966
Anti-clockwise,J30-31,15,743.3225806451613,4099.1612903225805
Anti-clockwise,J30-31,16,636.9032258064516,4262.0
Anti-clockwise,J30-31,17,578.2903225806451,4199.258064516129
Anti-clockwise,J30-31,18,522.483870967742,3948.7096774193546
Anti-clockwise,J30-31,19,440.16129032258067,3100.064516129032
Anti-clockwise,J30-31,20,357.48387096774195,2168.7096774193546
Anti-clockwise,J30-31,21,258.3225806451613,1509.3870967741937
Anti-clockwise,J30-31,22,234.70967741935485,1343.6451612903227
Anti-clockwise,J30-31,23,214.51612903225808,963.9032258064516
Anti-clockwise,J4-5,0,108.29032258064517,663.5806451612904
Anti-clockwise,J4-5,1,100.51612903225806,491.38709677419354
Anti-clockwise,J4-5,2,98.90322580645162,374.9032258064516
Anti-clockwise,J4-5,3,108.83870967741936,381.258064516129
Anti-clockwise,J4-5,4,133.29032258064515,496.93548387096774
Anti-clockwise,J4-5,5,208.51612903225808,1119.6451612903227
Anti-clockwise,J4-5,6,314.1290322580645,2227.451612903226
Anti-clockwise,J4-5,7,369.0967741935484,3211.4193548387098
Anti-clockwise,J4-5,8,348.61290322580646,3067.8387096774195
Anti-clockwise,J4-5,9,428.51612903225805,3107.9032258064517
Anti-clockwise,J4-5,10,474.741935483871,3367.3225806451615
Anti-clockwise,J4-5,11,485.03225806451616,3381.0
Anti-clockwise,J4-5,12,535.8387096774194,3467.064516129032
Anti-clockwise,J4-5,13,567.741935483871,3519.451612903226
Anti-clockwise,J4-5,14,551.3225806451613,3708.7096774193546
Anti-clockwise,J4-5,15,482.83870967741933,3944.7096774193546
Anti-clockwise,J4-5,16,382.4193548387097,4247.8387096774195
Anti-clockwise,J4-5,17,284.0967741935484,4114.548387096775
Anti-clockwise,J4-5,18,224.29032258064515,3489.8387096774195
Anti-clockwise,J4-5,19,173.74193548387098,2585.1612903225805
Anti-clockwise,J4-5,20,151.4516129032258,1897.774193548387
Anti-clockwise,J4-5,21,121.2258064516129,1379.516129032258
Anti-clockwise,J4-5,22,115.16129032258064,1095.0967741935483
Anti-clockwise,J4-5,23,107.2258064516129,839.2258064516129
Anti-clockwise,J5-6,0,222.90322580645162,858.9032258064516
Anti-clockwise,J5-6,1,212.70967741935485,633.1935483870968
Anti-clockwise,J5-6,2,201.06451612903226,501.7741935483871
Anti-clockwise,J5-6,3,225.96774193548387,514.1935483870968
Anti-clockwise,J5-6,4,285.6774193548387,706.258064516129
Anti-clockwise,J5-6,5,448.51612903225805,1255.4193548387098
Anti-clockwise,J5-6,6,726.9354838709677,2606.2580645161293
Anti-clockwise,J5-6,7,884.8064516129032,3617.5806451612902
Anti-clockwise,J5-6,8,841.2258064516129,3579.4193548387098
Anti-clockwise,J5-6,9,921.8387096774194,3685.1290322580644
Anti-clockwise,J5-6,10,1033.4193548387098,4111.806451612903
Anti-clockwise,J5-6,11,1126.4516129032259,4255.967741935484
Anti-clockwise,J5-6,12,1222.0645161290322,4317.290322580645
Anti-clockwise,J5-6,13,1286.5483870967741,4515.032258064516
Anti-clockwise,J5-6,14,1341.1290322580646,4880.870967741936
Anti-clockwise,J5-6,15,1304.9032258064517,5241.645161290323
Anti-clockwise,J5-6,16,1207.0967741935483,5548.967741935484
Anti-clockwise,J5-6,17,1036.4193548387098,5362.8387096774195
Anti-clockwise,J5-6,18,889.5483870967741,4661.645161290323
Anti-clockwise,J5-6,19,661.3870967741935,3540.6129032258063
Anti-clockwise,J5-6,20,528.9354838709677,2552.064516129032
Anti-clockwise,J5-6,21,391.83870967741933,1822.8709677419354
Anti-clockwise,J5-6,22,298.0967741935484,1437.9032258064517
Anti-clockwise,J5-6,23,236.06451612903226,1089.0967741935483
Anti-clockwise,J6-7,0,148.19354838709677,755.6129032258065
Anti-clockwise,J6-7,1,133.6451612903226,519.483870967742
Anti-clockwise,J6-7,2,133.83870967741936,417.38709677419354
Anti-clockwise,J6-7,3,167.03225806451613,466.35483870967744
Anti-clockwise,J6-7,4,232.80645161290323,658.9354838709677
Anti-clockwise,J6-7,5,402.741935483871,1232.7096774193549
Anti-clockwise,J6-7,6,706.2258064516129,2866.0
Anti-clockwise,J6-7,7,771.741935483871,4040.8387096774195
Anti-clockwise,J6-7,8,766.0322580645161,4000.7096774193546
Anti-clockwise,J6-7,9,921.8064516129032,4042.967741935484
Anti-clockwise,J6-7,10,1026.3870967741937,4432.967741935484
Anti-clockwise,J6-7,11,1094.774193548387,4575.1612903225805
Anti-clockwise,J6-7,12,1181.3225806451612,4701.935483870968
Anti-clockwise,J6-7,13,1297.4193548387098,4936.0
Anti-clockwise,J6-7,14,1398.258064516129,5331.322580645161
Anti-clockwise,J6-7,15,1471.6451612903227,5741.322580645161
Anti-clockwise,J6-7,16,1402.967741935484,5941.354838709677
Anti-clockwise,J6-7,17,1305.2903225806451,5915.709677419355
Anti-clockwise,J6-7,18,1043.516129032258,5173.258064516129
Anti-clockwise,J6-7,19,688.741935483871,3893.3548387096776
Anti-clockwise,J6-7,20,464.19354838709677,2740.6129032258063
Anti-clockwise,J6-7,21,311.2903225806452,1937.258064516129
Anti-clockwise,J6-7,22,220.93548387096774,1509.5483870967741
Anti-clockwise,J6-7,23,173.4516129032258,1113.225806451613
Anti-clockwise,J7-8,0,148.96774193548387,738.3225806451613
Anti-clockwise,J7-8,1,138.80645161290323,493.64516129032256
Anti-clockwise,J7-8,2,153.93548387096774,447.8709677419355
Anti-clockwise,J7-8,3,177.38709677419354,637.0967741935484
Anti-clockwise,J7-8,4,251.1290322580645,955.3870967741935
Anti-clockwise,J7-8,5,398.6774193548387,1526.774193548387
Anti-clockwise,J7-8,6,571.4193548387096,3343.8387096774195
Anti-clockwise,J7-8,7,561.9354838709677,4209.612903225807
Anti-clockwise,J7-8,8,552.5806451612904,4207.451612903225
Anti-clockwise,J7-8,9,631.0,4388.709677419355
Anti-clockwise,J7-8,10,686.6451612903226,4784.645161290323
Anti-clockwise,J7-8,11,691.4193548387096,4914.032258064516
Anti-clockwise,J7-8,12,736.9032258064516,5011.741935483871
Anti-clockwise,J7-8,13,774.4516129032259,5185.967741935484
Anti-clockwise,J7-8,14,771.4516129032259,5569.064516129032
Anti-clockwise,J7-8,15,708.0322580645161,5958.064516129032
Anti-clockwise,J7-8,16,544.6774193548387,5963.354838709677
Anti-clockwise,J7-8,17,477.03225806451616,6021.193548387097
Anti-clockwise,J7-8,18,423.0967741935484,5426.677419354839
Anti-clockwise,J7-8,19,366.61290322580646,4360.290322580645
Anti-clockwise,J7-8,20,288.35483870967744,3092.0
Anti-clockwise,J7-8,21,240.38709677419354,2252.1290322580644
Anti-clockwise,J7-8,22,178.51612903225808,1584.741935483871
Anti-clockwise,J7-8,23,159.61290322580646,1154.4516129032259
Anti-clockwise,J8-9,0,160.1290322580645,723.3870967741935
Anti-clockwise,J8-9,1,149.96774193548387,482.96774193548384
Anti-clockwise,J8-9,2,169.7741935483871,462.96774193548384
Anti-clockwise,J8-9,3,191.41935483870967,680.4516129032259
Anti-clockwise,J8-9,4,283.2903225806452,1027.8387096774193
Anti-clockwise,J8-9,5,445.0,1614.3870967741937
Anti-clockwise,J8-9,6,646.7741935483871,3485.3548387096776
Anti-clockwise,J8-9,7,627.8387096774194,4233.290322580645
Anti-clockwise,J8-9,8,617.6451612903226,4155.935483870968
Anti-clockwise,J8-9,9,690.258064516129,4298.322580645161
Anti-clockwise,J8-9,10,737.9677419354839,4629.096774193548
Anti-clockwise,J8-9,11,741.3225806451613,4724.387096774193
Anti-clockwise,J8-9,12,796.1612903225806,4896.612903225807
Anti-clockwise,J8-9,13,821.741935483871,5147.225806451613
Anti-clockwise,J8-9,14,839.8064516129032,5495.870967741936
Anti-clockwise,J8-9,15,759.5806451612904,5914.612903225807
Anti-clockwise,J8-9,16,609.3225806451613,6078.5161290322585
Anti-clockwise,J8-9,17,506.8709677419355,5914.451612903225
Anti-clockwise,J8-9,18,455.06451612903226,5447.580645161291
Anti-clockwise,J8-9,19,391.93548387096774,4398.8387096774195
Anti-clockwise,J8-9,20,301.96774193548384,3097.935483870968
Anti-clockwise,J8-9,21,253.93548387096774,2289.483870967742
Anti-clockwise,J8-9,22,188.29032258064515,1625.258064516129
Anti-clockwise,J8-9,23,176.03225806451613,1158.967741935484
Anti-clockwise,J9-10,0,145.1290322580645,638.3225806451613
Anti-clockwise,J9-10,1,143.74193548387098,439.1290322580645
Anti-clockwise,J9-10,2,162.3548387096774,437.93548387096774
Anti-clockwise,J9-10,3,186.1290322580645,625.0
Anti-clockwise,J9-10,4,282.64516129032256,922.2258064516129
Anti-clockwise,J9-10,5,461.64516129032256,1630.1290322580646
Anti-clockwise,J9-10,6,715.4193548387096,3703.2258064516127
Anti-clockwise,J9-10,7,701.7741935483871,4456.967741935484
Anti-clockwise,J9-10,8,701.8709677419355,4551.677419354839
Anti-clockwise,J9-10,9,765.8064516129032,4582.193548387097
Anti-clockwise,J9-10,10,798.741935483871,4728.1612903225805
Anti-clockwise,J9-10,11,781.1935483870968,4756.645161290323
Anti-clockwise,J9-10,12,839.2903225806451,4906.1612903225805
Anti-clockwise,J9-10,13,840.4193548387096,5099.5161290322585
Anti-clockwise,J9-10,14,843.9677419354839,5360.419354838709
Anti-clockwise,J9-10,15,792.6451612903226,5770.193548387097
Anti-clockwise,J9-10,16,692.4193548387096,5988.419354838709
Anti-clockwise,J9-10,17,611.3225806451613,5704.677419354839
Anti-clockwise,J9-10,18,573.0,5274.5161290322585
Anti-clockwise,J9-10,19,472.7096774193548,4249.741935483871
Anti-clockwise,J9-10,20,341.8709677419355,3044.2903225806454
Anti-clockwise,J9-10,21,264.2903225806452,2222.0967741935483
Anti-clockwise,J9-10,22,188.19354838709677,1590.774193548387
Anti-clockwise,J9-10,23,165.19354838709677,1074.0967741935483
Anti-clockwise,Dartford Eastside Tunnel,24,67.64516129032258,285.96774193548384
Anti-clockwise,Dartford Westside Tunnel,24,171.83870967741936,504.35483870967744
Anti-clockwise,J1-2,24,263.51612903225805,857.4516129032259
Anti-clockwise,J10-11,24,158.5483870967742,751.6451612903226
Anti-clockwise,J11-12,24,158.03225806451613,813.8387096774194
Anti-clockwise,J12-13,24,192.3548387096774,954.4193548387096
Anti-clockwise,J13-14,24,195.70967741935485,1045.4516129032259
Anti-clockwise,J14-15,24,212.51612903225808,1047.225806451613
Anti-clockwise,J15-16,24,256.6774193548387,977.4193548387096
Anti-clockwise,J16-17,24,234.2258064516129,874.4193548387096
Anti-clockwise,J17-18,24,218.67741935483872,813.741935483871
Anti-clockwise,J18-19,24,220.96774193548387,861.5483870967741
Anti-clockwise,J19-20,24,177.06451612903226,670.3225806451613
Anti-clockwise,J2-3,24,173.1290322580645,719.9032258064516
Anti-clockwise,J20-21,24,207.7741935483871,813.6129032258065
Anti-clockwise,J21-21a,24,118.0,456.3225806451613
Anti-clockwise,J21a-22,24,252.4516129032258,784.8709677419355
Anti-clockwise,J22-23,24,261.741935483871,845.8064516129032
Anti-clockwise,J23-24,24,295.5483870967742,945.9354838709677
Anti-clockwise,J24-25,24,294.6774193548387,940.3548387096774
Anti-clockwise,J25-26,24,195.93548387096774,713.5483870967741
Anti-clockwise,J26-27,24,253.29032258064515,848.741935483871
Anti-clockwise,J27-28,24,248.3548387096774,641.516129032258
Anti-clockwise,J28-29,24,235.48387096774192,615.1935483870968
Anti-clockwise,J29-30,24,249.93548387096774,706.483870967742
Anti-clockwise,J3-4,24,115.03225806451613,691.3225806451613
Anti-clockwise,J30-31,24,209.5483870967742,738.3870967741935
Anti-clockwise,J4-5,24,108.29032258064517,663.5806451612904
Anti-clockwise,J5-6,24,222.90322580645162,858.9032258064516
Anti-clockwise,J6-7,24,148.19354838709677,755.6129032258065
Anti-clockwise,J7-8,24,148.96774193548387,738.3225806451613
Anti-clockwise,J8-9,24,160.1290322580645,723.3870967741935
Anti-clockwise,J9-10,24,145.1290322580645,638.3225806451613
