Direction,Link Road,Hour,HGV Volume,Total Volume
Northbound,A1(M),0,41.58064516129032,364.4516129032258
Northbound,A1(M),1,45.86666666666667,217.6
Northbound,A1(M),2,40.83870967741935,173.90322580645162
Northbound,A1(M),3,44.0,155.06451612903226
Northbound,A1(M),4,57.064516129032256,200.3548387096774
Northbound,A1(M),5,86.19354838709677,441.7741935483871
Northbound,A1(M),6,164.48387096774192,1457.5806451612902
Northbound,A1(M),7,192.96774193548387,2742.483870967742
Northbound,A1(M),8,191.16129032258064,2792.6774193548385
Northbound,A1(M),9,248.48387096774192,2457.451612903226
Northbound,A1(M),10,255.96774193548387,2240.5806451612902
Northbound,A1(M),11,282.5806451612903,2475.1935483870966
Northbound,A1(M),12,280.7096774193548,2669.2258064516127
Northbound,A1(M),13,284.5483870967742,2810.967741935484
Northbound,A1(M),14,283.16129032258067,3062.8387096774195
Northbound,A1(M),15,261.2903225806452,3310.7096774193546
Northbound,A1(M),16,206.7741935483871,3780.7419354838707
Northbound,A1(M),17,150.80645161290323,3760.064516129032
Northbound,A1(M),18,115.2258064516129,3156.967741935484
Northbound,A1(M),19,88.0,2374.6774193548385
Northbound,A1(M),20,66.06451612903226,1615.225806451613
Northbound,A1(M),21,55.0,1162.516129032258
Northbound,A1(M),22,47.83870967741935,889.6451612903226
Northbound,A1(M),23,44.58064516129032,620.8064516129032
Northbound,A1023,0,37.69230769230769,322.7307692307692
Northbound,A1023,1,44.48,202.92
Northbound,A1023,2,42.65384615384615,158.26923076923077
Northbound,A1023,3,52.07692307692308,157.6153846153846
Northbound,A1023,4,77.07692307692308,214.34615384615384
Northbound,A1023,5,125.15384615384616,425.84615384615387
Northbound,A1023,6,168.53846153846155,1153.4615384615386
Northbound,A1023,7,194.19230769230768,1805.8076923076924
Northbound,A1023,8,164.42307692307693,1644.576923076923
Northbound,A1023,9,177.3846153846154,1557.6923076923076
Northbound,A1023,10,187.14814814814815,1618.962962962963
Northbound,A1023,11,223.44444444444446,1815.7777777777778
Northbound,A1023,12,242.22222222222223,1918.9259259259259
Northbound,A1023,13,237.07407407407408,1974.851851851852
Northbound,A1023,14,225.74074074074073,2093.222222222222
Northbound,A1023,15,191.8846153846154,2284.5
Northbound,A1023,16,140.3846153846154,2414.346153846154
Northbound,A1023,17,116.61538461538461,2409.8846153846152
Northbound,A1023,18,98.0,2154.653846153846
Northbound,A1023,19,84.88461538461539,1681.576923076923
Northbound,A1023,20,55.5,1231.3076923076924
Northbound,A1023,21,43.34615384615385,896.8076923076923
Northbound,A1023,22,35.61538461538461,665.2692307692307
Northbound,A1023,23,33.26923076923077,485.34615384615387
Northbound,A1089,0,44.7,109.8
Northbound,A1089,1,43.96551724137931,92.48275862068965
Northbound,A1089,2,44.53333333333333,90.56666666666666
Northbound,A1089,3,58.7,108.4
Northbound,A1089,4,116.63333333333334,198.43333333333334
Northbound,A1089,5,200.26666666666668,620.5666666666667
Northbound,A1089,6,231.2,589.9333333333333
Northbound,A1089,7,244.2,648.9666666666667
Northbound,A1089,8,215.16666666666666,697.0666666666667
Northbound,A1089,9,213.83333333333334,718.9
Northbound,A1089,10,211.93333333333334,822.3
Northbound,A1089,11,212.66666666666666,866.9333333333333
Northbound,A1089,12,227.96666666666667,937.9666666666667
Northbound,A1089,13,212.5,950.3666666666667
Northbound,A1089,14,205.93333333333334,973.4333333333333
Northbound,A1089,15,185.3,944.7666666666667
Northbound,A1089,16,155.63333333333333,1063.8666666666666
Northbound,A1089,17,119.03333333333333,1115.4666666666667
Northbound,A1089,18,95.16666666666667,1070.1
Northbound,A1089,19,70.86666666666666,576.1666666666666
Northbound,A1089,20,58.333333333333336,399.8333333333333
Northbound,A1089,21,49.56666666666667,336.4
Northbound,A1089,22,42.03333333333333,244.56666666666666
Northbound,A1089,23,48.266666666666666,159.46666666666667
Northbound,A21,0,21.8,118.43333333333334
Northbound,A21,1,20.82758620689655,75.79310344827586
Northbound,A21,2,19.4,69.96666666666667
Northbound,A21,3,22.533333333333335,98.7
Northbound,A21,4,42.3,219.93333333333334
Northbound,A21,5,73.63333333333334,691.8333333333334
Northbound,A21,6,98.83333333333333,1240.9333333333334
Northbound,A21,7,86.16666666666667,1469.4666666666667
Northbound,A21,8,98.26666666666667,1452.1333333333334
Northbound,A21,9,129.13333333333333,1436.3666666666666
Northbound,A21,10,120.36666666666666,1407.1
Northbound,A21,11,124.86666666666666,1412.2
Northbound,A21,12,125.16666666666667,1378.4333333333334
Northbound,A21,13,124.8,1358.3
Northbound,A21,14,116.4,1332.1
Northbound,A21,15,93.03333333333333,1456.2666666666667
Northbound,A21,16,77.2,1644.7333333333333
Northbound,A21,17,54.56666666666667,1588.8
Northbound,A21,18,36.766666666666666,1195.7
Northbound,A21,19,34.1,829.3
Northbound,A21,20,32.43333333333333,553.6666666666666
Northbound,A21,21,19.866666666666667,382.93333333333334
Northbound,A21,22,20.166666666666668,298.0
Northbound,A21,23,20.566666666666666,199.46666666666667
Northbound,A3,0,22.333333333333332,249.66666666666666
Northbound,A3,1,23.75862068965517,146.0
Northbound,A3,2,19.433333333333334,99.5
Northbound,A3,3,21.9,127.03333333333333
Northbound,A3,4,34.333333333333336,255.63333333333333
Northbound,A3,5,63.333333333333336,641.4666666666667
Northbound,A3,6,130.23333333333332,1823.5666666666666
Northbound,A3,7,143.26666666666668,2149.866666666667
Northbound,A3,8,169.53333333333333,2066.366666666667
Northbound,A3,9,181.73333333333332,2126.9
Northbound,A3,10,189.0,1990.4333333333334
Northbound,A3,11,191.0,1987.3666666666666
Northbound,A3,12,186.96666666666667,2054.8
Northbound,A3,13,192.93333333333334,2105.7
Northbound,A3,14,187.73333333333332,2098.4666666666667
Northbound,A3,15,168.6,2248.0
Northbound,A3,16,129.23333333333332,2613.133333333333
Northbound,A3,17,91.63333333333334,2691.5666666666666
Northbound,A3,18,62.46666666666667,2437.4333333333334
Northbound,A3,19,51.86666666666667,1758.7
Northbound,A3,20,37.8,1162.6666666666667
Northbound,A3,21,30.6,850.3666666666667
Northbound,A3,22,25.9,641.7666666666667
Northbound,A3,23,24.0,433.56666666666666
Northbound,A405,0,99.60714285714286,380.0357142857143
Northbound,A405,1,92.37037037037037,258.0740740740741
Northbound,A405,2,102.35714285714286,223.75
Northbound,A405,3,112.14285714285714,255.42857142857142
Northbound,A405,4,51.892857142857146,189.85714285714286
Northbound,A405,5,27.857142857142858,278.35714285714283
Northbound,A405,6,62.714285714285715,723.3214285714286
Northbound,A405,7,88.85714285714286,1478.0
Northbound,A405,8,115.46428571428571,1598.107142857143
Northbound,A405,9,108.67857142857143,1319.9285714285713
Northbound,A405,10,109.10714285714286,1298.892857142857
Northbound,A405,11,119.75,1433.357142857143
Northbound,A405,12,127.42857142857143,1600.0714285714287
Northbound,A405,13,142.92857142857142,1693.357142857143
Northbound,A405,14,134.71428571428572,1736.607142857143
Northbound,A405,15,130.17241379310346,1858.2068965517242
Northbound,A405,16,106.55172413793103,1976.1724137931035
Northbound,A405,17,77.48275862068965,1983.2413793103449
Northbound,A405,18,54.51724137931034,1663.8275862068965
Northbound,A405,19,31.964285714285715,1250.9642857142858
Northbound,A405,20,26.0,842.4285714285714
Northbound,A405,21,20.107142857142858,629.6428571428571
Northbound,A405,22,62.892857142857146,629.5357142857143
Northbound,A405,23,79.71428571428571,508.85714285714283
Northbound,M1 J1-2,0,58.96774193548387,429.61290322580646
Northbound,M1 J1-2,1,43.7,291.1333333333333
Northbound,M1 J1-2,2,46.58064516129032,237.83870967741936
Northbound,M1 J1-2,3,50.32258064516129,263.03225806451616
Northbound,M1 J1-2,4,62.645161290322584,326.741935483871
Northbound,M1 J1-2,5,76.61290322580645,424.64516129032256
Northbound,M1 J1-2,6,120.29032258064517,722.9032258064516
Northbound,M1 J1-2,7,168.61290322580646,1151.1290322580646
Northbound,M1 J1-2,8,190.09677419354838,1172.0967741935483
Northbound,M1 J1-2,9,212.93548387096774,976.2903225806451
Northbound,M1 J1-2,10,229.32258064516128,1010.8064516129032
Northbound,M1 J1-2,11,257.0967741935484,1197.0967741935483
Northbound,M1 J1-2,12,259.8709677419355,1357.6451612903227
Northbound,M1 J1-2,13,270.80645161290323,1515.967741935484
Northbound,M1 J1-2,14,277.93548387096774,1745.5806451612902
Northbound,M1 J1-2,15,298.0967741935484,2046.0967741935483
Northbound,M1 J1-2,16,288.03225806451616,2344.3225806451615
Northbound,M1 J1-2,17,239.41935483870967,2420.6129032258063
Northbound,M1 J1-2,18,186.74193548387098,2125.3870967741937
Northbound,M1 J1-2,19,119.61290322580645,1528.5806451612902
Northbound,M1 J1-2,20,93.38709677419355,1084.8387096774193
Northbound,M1 J1-2,21,74.03225806451613,883.9354838709677
Northbound,M1 J1-2,22,73.03225806451613,830.258064516129
Northbound,M1 J1-2,23,71.2258064516129,659.0
Northbound,M1 J2-4,0,67.7741935483871,664.1612903225806
Northbound,M1 J2-4,1,56.1,460.46666666666664
Northbound,M1 J2-4,2,54.903225806451616,363.258064516129
Northbound,M1 J2-4,3,58.354838709677416,400.19354838709677
Northbound,M1 J2-4,4,67.93548387096774,505.93548387096774
Northbound,M1 J2-4,5,75.29032258064517,682.6451612903226
Northbound,M1 J2-4,6,108.38709677419355,1181.5806451612902
Northbound,M1 J2-4,7,152.48387096774192,1923.2903225806451
Northbound,M1 J2-4,8,167.1290322580645,1957.4516129032259
Northbound,M1 J2-4,9,195.19354838709677,1593.483870967742
Northbound,M1 J2-4,10,207.90322580645162,1605.1612903225807
Northbound,M1 J2-4,11,230.70967741935485,1838.8387096774193
Northbound,M1 J2-4,12,237.70967741935485,2061.1935483870966
Northbound,M1 J2-4,13,241.8709677419355,2271.3870967741937
Northbound,M1 J2-4,14,240.74193548387098,2566.7096774193546
Northbound,M1 J2-4,15,231.90322580645162,2923.032258064516
Northbound,M1 J2-4,16,211.0,3364.3225806451615
Northbound,M1 J2-4,17,175.25806451612902,3464.4193548387098
Northbound,M1 J2-4,18,140.2258064516129,3060.7419354838707
Northbound,M1 J2-4,19,93.64516129032258,2240.8709677419356
Northbound,M1 J2-4,20,80.93548387096774,1606.9032258064517
Northbound,M1 J2-4,21,70.3225806451613,1327.3548387096773
Northbound,M1 J2-4,22,64.80645161290323,1235.1290322580646
Northbound,M1 J2-4,23,79.19354838709677,1009.1935483870968
Northbound,M1 J4-5,0,56.096774193548384,812.3225806451613
Northbound,M1 J4-5,1,48.36666666666667,549.0
Northbound,M1 J4-5,2,48.25806451612903,422.0
Northbound,M1 J4-5,3,49.45161290322581,457.1290322580645
Northbound,M1 J4-5,4,60.96774193548387,591.9032258064516
Northbound,M1 J4-5,5,65.35483870967742,853.5806451612904
Northbound,M1 J4-5,6,91.58064516129032,1637.0645161290322
Northbound,M1 J4-5,7,119.16129032258064,2565.7419354838707
Northbound,M1 J4-5,8,134.6451612903226,2613.1935483870966
Northbound,M1 J4-5,9,152.51612903225808,2115.8387096774195
Northbound,M1 J4-5,10,164.19354838709677,2082.548387096774
Northbound,M1 J4-5,11,180.51612903225808,2323.548387096774
Northbound,M1 J4-5,12,180.61290322580646,2557.4193548387098
Northbound,M1 J4-5,13,189.70967741935485,2843.8387096774195
Northbound,M1 J4-5,14,182.8709677419355,3166.7096774193546
Northbound,M1 J4-5,15,173.3548387096774,3560.3225806451615
Northbound,M1 J4-5,16,156.0,4074.5806451612902
Northbound,M1 J4-5,17,127.58064516129032,4160.741935483871
Northbound,M1 J4-5,18,102.41935483870968,3727.6451612903224
Northbound,M1 J4-5,19,70.96774193548387,2830.1290322580644
Northbound,M1 J4-5,20,60.45161290322581,2041.7096774193549
Northbound,M1 J4-5,21,58.806451612903224,1670.3225806451612
Northbound,M1 J4-5,22,55.774193548387096,1533.1612903225807
Northbound,M1 J4-5,23,62.03225806451613,1235.4516129032259
Northbound,M1 J5-6,0,64.6774193548387,702.1290322580645
Northbound,M1 J5-6,1,58.4,486.26666666666665
Northbound,M1 J5-6,2,55.096774193548384,369.258064516129
Northbound,M1 J5-6,3,56.41935483870968,429.8709677419355
Northbound,M1 J5-6,4,72.61290322580645,623.6774193548387
Northbound,M1 J5-6,5,80.03225806451613,876.1935483870968
Northbound,M1 J5-6,6,147.48387096774192,1648.1612903225807
Northbound,M1 J5-6,7,168.8709677419355,2464.6451612903224
Northbound,M1 J5-6,8,177.90322580645162,2493.2580645161293
Northbound,M1 J5-6,9,209.2258064516129,2155.3548387096776
Northbound,M1 J5-6,10,212.3548387096774,2137.9032258064517
Northbound,M1 J5-6,11,234.66666666666666,2466.233333333333
Northbound,M1 J5-6,12,238.1,2739.233333333333
Northbound,M1 J5-6,13,258.03333333333336,3008.4333333333334
Northbound,M1 J5-6,14,252.32258064516128,3294.2580645161293
Northbound,M1 J5-6,15,238.7741935483871,3748.4193548387098
Northbound,M1 J5-6,16,229.58064516129033,4307.870967741936
Northbound,M1 J5-6,17,218.8709677419355,4261.612903225807
Northbound,M1 J5-6,18,175.5483870967742,3773.7419354838707
Northbound,M1 J5-6,19,105.90322580645162,2833.7741935483873
Northbound,M1 J5-6,20,77.3225806451613,2071.967741935484
Northbound,M1 J5-6,21,68.96774193548387,1621.2903225806451
Northbound,M1 J5-6,22,65.70967741935483,1417.7096774193549
Northbound,M1 J5-6,23,69.87096774193549,1095.0967741935483
Northbound,M1 J6-6a,0,84.80645161290323,632.8709677419355
Northbound,M1 J6-6a,1,78.0,444.5
Northbound,M1 J6-6a,2,72.61290322580645,346.1290322580645
Northbound,M1 J6-6a,3,75.03225806451613,395.3225806451613
Northbound,M1 J6-6a,4,97.80645161290323,586.9354838709677
Northbound,M1 J6-6a,5,116.48387096774194,817.516129032258
Northbound,M1 J6-6a,6,170.61290322580646,1441.0
Northbound,M1 J6-6a,7,190.96774193548387,2013.8387096774193
Northbound,M1 J6-6a,8,188.2258064516129,1981.5806451612902
Northbound,M1 J6-6a,9,232.5483870967742,1696.8387096774193
Northbound,M1 J6-6a,10,258.03225806451616,1685.7096774193549
Northbound,M1 J6-6a,11,288.03333333333336,1902.2
Northbound,M1 J6-6a,12,295.6666666666667,2078.5333333333333
Northbound,M1 J6-6a,13,315.1666666666667,2254.5
Northbound,M1 J6-6a,14,322.5483870967742,2478.3225806451615
Northbound,M1 J6-6a,15,312.7096774193548,2797.032258064516
Northbound,M1 J6-6a,16,290.0,3202.3225806451615
Northbound,M1 J6-6a,17,248.80645161290323,3180.2580645161293
Northbound,M1 J6-6a,18,203.09677419354838,2882.483870967742
Northbound,M1 J6-6a,19,157.38709677419354,2275.8387096774195
Northbound,M1 J6-6a,20,120.25806451612904,1736.258064516129
Northbound,M1 J6-6a,21,101.48387096774194,1383.5806451612902
Northbound,M1 J6-6a,22,95.19354838709677,1228.5806451612902
Northbound,M1 J6-6a,23,95.16129032258064,991.5806451612904
Northbound,M11,0,107.58064516129032,500.19354838709677
Northbound,M11,1,105.76666666666667,341.1
Northbound,M11,2,105.25806451612904,309.51612903225805
Northbound,M11,3,137.19354838709677,491.7096774193548
Northbound,M11,4,203.4516129032258,882.0645161290323
Northbound,M11,5,305.06451612903226,1329.9032258064517
Northbound,M11,6,382.741935483871,2200.451612903226
Northbound,M11,7,400.35483870967744,2453.8709677419356
Northbound,M11,8,414.0967741935484,2227.8387096774195
Northbound,M11,9,458.5483870967742,2244.0967741935483
Northbound,M11,10,452.2903225806452,2385.032258064516
Northbound,M11,11,469.03225806451616,2525.5806451612902
Northbound,M11,12,469.06451612903226,2576.1935483870966
Northbound,M11,13,482.7096774193548,2645.6451612903224
Northbound,M11,14,440.61290322580646,2738.064516129032
Northbound,M11,15,398.61290322580646,2986.0
Northbound,M11,16,322.64516129032256,3172.4193548387098
Northbound,M11,17,288.96774193548384,3120.2580645161293
Northbound,M11,18,229.8709677419355,2714.516129032258
Northbound,M11,19,198.74193548387098,2104.9032258064517
Northbound,M11,20,158.8709677419355,1539.3548387096773
Northbound,M11,21,134.4516129032258,1134.1935483870968
Northbound,M11,22,123.03225806451613,998.8387096774194
Northbound,M11,23,116.64516129032258,860.2903225806451
Northbound,M23,0,19.580645161290324,216.2258064516129
Northbound,M23,1,18.033333333333335,123.4
Northbound,M23,2,20.225806451612904,93.6774193548387
Northbound,M23,3,23.838709677419356,110.25806451612904
Northbound,M23,4,30.193548387096776,220.93548387096774
Northbound,M23,5,60.96774193548387,489.0967741935484
Northbound,M23,6,82.12903225806451,889.4516129032259
Northbound,M23,7,97.51612903225806,812.3870967741935
Northbound,M23,8,83.25806451612904,831.3225806451613
Northbound,M23,9,87.25806451612904,878.0
Northbound,M23,10,76.3225806451613,900.2903225806451
Northbound,M23,11,76.87096774193549,899.3870967741935
Northbound,M23,12,73.51612903225806,896.3870967741935
Northbound,M23,13,68.35483870967742,913.2903225806451
Northbound,M23,14,63.774193548387096,927.516129032258
Northbound,M23,15,52.903225806451616,936.3870967741935
Northbound,M23,16,39.83870967741935,1030.3225806451612
Northbound,M23,17,39.096774193548384,1032.0967741935483
Northbound,M23,18,31.483870967741936,981.1935483870968
Northbound,M23,19,23.387096774193548,828.3870967741935
Northbound,M23,20,19.548387096774192,599.1612903225806
Northbound,M23,21,16.741935483870968,465.93548387096774
Northbound,M23,22,15.064516129032258,427.19354838709677
Northbound,M23,23,16.580645161290324,333.6774193548387
Westbound,A13,0,67.06666666666666,286.9
Westbound,A13,1,68.3103448275862,205.51724137931035
Westbound,A13,2,71.66666666666667,215.73333333333332
Westbound,A13,3,102.96666666666667,311.96666666666664
Westbound,A13,4,186.23333333333332,688.8
Westbound,A13,5,307.0,2337.3333333333335
Westbound,A13,6,357.0,2643.5333333333333
Westbound,A13,7,365.76666666666665,2379.3
Westbound,A13,8,352.1,2082.1
Westbound,A13,9,353.0,1941.2333333333333
Westbound,A13,10,348.6666666666667,1862.0
Westbound,A13,11,340.3333333333333,1783.7333333333333
Westbound,A13,12,353.6666666666667,1764.5666666666666
Westbound,A13,13,334.3666666666667,1751.8
Westbound,A13,14,308.6333333333333,1621.9
Westbound,A13,15,294.3333333333333,1678.4
Westbound,A13,16,253.16666666666666,1880.3666666666666
Westbound,A13,17,176.23333333333332,1995.3
Westbound,A13,18,126.13333333333334,1683.2
Westbound,A13,19,104.23333333333333,1211.8333333333333
Westbound,A13,20,85.63333333333334,859.0666666666667
Westbound,A13,21,75.83333333333333,712.7666666666667
Westbound,A13,22,72.7,566.3666666666667
Westbound,A13,23,68.73333333333333,441.23333333333335
Westbound,A2,0,38.266666666666666,394.6333333333333
Westbound,A2,1,34.206896551724135,236.0344827586207
Westbound,A2,2,33.766666666666666,190.66666666666666
Westbound,A2,3,36.13333333333333,204.23333333333332
Westbound,A2,4,67.56666666666666,521.9666666666667
Westbound,A2,5,173.7,2238.3
Westbound,A2,6,257.1333333333333,3196.4333333333334
Westbound,A2,7,254.0,3219.266666666667
Westbound,A2,8,230.96666666666667,2760.9333333333334
Westbound,A2,9,242.53333333333333,2771.733333333333
Westbound,A2,10,214.53333333333333,2441.266666666667
Westbound,A2,11,185.1,2453.6666666666665
Westbound,A2,12,179.0,2562.9
Westbound,A2,13,180.06666666666666,2525.4
Westbound,A2,14,152.93333333333334,2545.1
Westbound,A2,15,131.2,2636.6666666666665
Westbound,A2,16,100.9,2916.8
Westbound,A2,17,82.1,3111.8333333333335
Westbound,A2,18,65.2,2704.9
Westbound,A2,19,58.63333333333333,2161.366666666667
Westbound,A2,20,51.266666666666666,1640.1333333333334
Westbound,A2,21,48.8,1406.5666666666666
Westbound,A2,22,38.96666666666667,1027.3
Westbound,A2,23,38.93333333333333,650.7666666666667
Westbound,A20,0,30.0,235.1
Westbound,A20,1,27.75862068965517,151.9655172413793
Westbound,A20,2,26.1,117.73333333333333
Westbound,A20,3,29.266666666666666,122.93333333333334
Westbound,A20,4,47.333333333333336,220.1
Westbound,A20,5,90.86666666666666,962.2
Westbound,A20,6,147.76666666666668,2281.3333333333335
Westbound,A20,7,134.86666666666667,2166.3
Westbound,A20,8,116.4,1821.7666666666667
Westbound,A20,9,113.93333333333334,1798.1
Westbound,A20,10,105.86666666666666,1571.8
Westbound,A20,11,97.93333333333334,1563.0666666666666
Westbound,A20,12,89.6,1638.8666666666666
Westbound,A20,13,86.3,1639.9
Westbound,A20,14,79.2,1635.0333333333333
Westbound,A20,15,71.3,1700.8
Westbound,A20,16,54.733333333333334,1956.1666666666667
Westbound,A20,17,42.46666666666667,2127.866666666667
Westbound,A20,18,41.0,1702.2
Westbound,A20,19,32.666666666666664,1185.5333333333333
Westbound,A20,20,28.966666666666665,822.8
Westbound,A20,21,26.7,653.1333333333333
Westbound,A20,22,22.2,495.8
Westbound,A20,23,24.8,348.23333333333335
Westbound,A30,0,13.266666666666667,124.43333333333334
Westbound,A30,1,11.241379310344827,75.86206896551724
Westbound,A30,2,19.033333333333335,69.36666666666666
Westbound,A30,3,8.633333333333333,57.4
Westbound,A30,4,13.133333333333333,97.0
Westbound,A30,5,29.266666666666666,240.2
Westbound,A30,6,66.16666666666667,745.0666666666667
Westbound,A30,7,80.8,1189.4666666666667
Westbound,A30,8,78.63333333333334,1187.6666666666667
Westbound,A30,9,85.66666666666667,993.7333333333333
Westbound,A30,10,86.53333333333333,935.6666666666666
Westbound,A30,11,82.16666666666667,956.3
Westbound,A30,12,81.33333333333333,1016.0333333333333
Westbound,A30,13,82.26666666666667,1007.9
Westbound,A30,14,75.66666666666667,1030.0333333333333
Westbound,A30,15,59.666666666666664,1076.2
Westbound,A30,16,40.0,1235.0666666666666
Westbound,A30,17,28.233333333333334,1224.9666666666667
Westbound,A30,18,24.466666666666665,1062.4666666666667
Westbound,A30,19,17.7,735.7
Westbound,A30,20,16.2,496.4
Westbound,A30,21,10.533333333333333,344.3333333333333
Westbound,A30,22,11.6,274.8333333333333
Westbound,A30,23,11.2,185.66666666666666
Westbound,A3113,0,56.0,179.9
Westbound,A3113,1,48.241379310344826,131.82758620689654
Westbound,A3113,2,51.5,125.73333333333333
Westbound,A3113,3,45.333333333333336,132.7
Westbound,A3113,4,65.0,214.0
Westbound,A3113,5,81.33333333333333,392.53333333333336
Westbound,A3113,6,148.7,818.1333333333333
Westbound,A3113,7,157.0,1065.8666666666666
Westbound,A3113,8,154.43333333333334,989.5333333333333
Westbound,A3113,9,153.63333333333333,758.5
Westbound,A3113,10,148.73333333333332,670.8333333333334
Westbound,A3113,11,144.03333333333333,755.3333333333334
Westbound,A3113,12,144.36666666666667,871.9
Westbound,A3113,13,135.13333333333333,1033.3666666666666
Westbound,A3113,14,133.13333333333333,1131.1666666666667
Westbound,A3113,15,126.96666666666667,1209.3666666666666
Westbound,A3113,16,111.56666666666666,1398.8333333333333
Westbound,A3113,17,94.23333333333333,1340.5666666666666
Westbound,A3113,18,79.86666666666666,1150.9333333333334
Westbound,A3113,19,70.63333333333334,939.2333333333333
Westbound,A3113,20,62.56666666666667,603.9333333333333
Westbound,A3113,21,66.3,566.8
Westbound,A3113,22,67.83333333333333,514.8333333333334
Westbound,A3113,23,62.43333333333333,328.8333333333333
Westbound,M20,0,94.6774193548387,233.8709677419355
Westbound,M20,1,96.93333333333334,187.03333333333333
Westbound,M20,2,102.61290322580645,191.5483870967742
Westbound,M20,3,118.12903225806451,216.67741935483872
Westbound,M20,4,158.70967741935485,362.3225806451613
Westbound,M20,5,229.48387096774192,1155.8064516129032
Westbound,M20,6,236.67741935483872,2026.8387096774193
Westbound,M20,7,235.80645161290323,2075.2258064516127
Westbound,M20,8,224.0,1517.0967741935483
Westbound,M20,9,224.2258064516129,1251.6451612903227
Westbound,M20,10,220.93548387096774,1151.2903225806451
Westbound,M20,11,210.70967741935485,1105.9032258064517
Westbound,M20,12,204.6451612903226,1100.0
Westbound,M20,13,178.2258064516129,1051.0967741935483
Westbound,M20,14,182.70967741935485,1075.6451612903227
Westbound,M20,15,151.25806451612902,1123.1935483870968
Westbound,M20,16,140.6451612903226,1294.4193548387098
Westbound,M20,17,121.16129032258064,1341.9354838709678
Westbound,M20,18,105.90322580645162,1096.1290322580646
Westbound,M20,19,106.03225806451613,787.1612903225806
Westbound,M20,20,107.6774193548387,584.6451612903226
Westbound,M20,21,73.93548387096774,430.4516129032258
Westbound,M20,22,90.6774193548387,416.7741935483871
Westbound,M20,23,86.41935483870968,323.258064516129
Westbound,M26,0,85.1,167.0
Westbound,M26,1,87.48275862068965,138.75862068965517
Westbound,M26,2,93.46666666666667,154.06666666666666
Westbound,M26,3,103.2,196.53333333333333
Westbound,M26,4,170.3,402.8333333333333
Westbound,M26,5,291.6,1161.4333333333334
Westbound,M26,6,317.6333333333333,1885.8
Westbound,M26,7,267.8666666666667,1478.5
Westbound,M26,8,249.66666666666666,1306.5333333333333
Westbound,M26,9,265.6666666666667,1430.9
Westbound,M26,10,262.2,1402.9
Westbound,M26,11,242.9,1311.6666666666667
Westbound,M26,12,238.3,1238.2333333333333
Westbound,M26,13,210.86666666666667,1186.5
Westbound,M26,14,211.83333333333334,1195.9333333333334
Westbound,M26,15,184.53333333333333,1205.5
Westbound,M26,16,178.5,1328.8333333333333
Westbound,M26,17,156.46666666666667,1272.7
Westbound,M26,18,136.16666666666666,1013.7666666666667
Westbound,M26,19,137.46666666666667,831.8666666666667
Westbound,M26,20,129.16666666666666,586.8333333333334
Westbound,M26,21,84.66666666666667,372.6666666666667
Westbound,M26,22,87.13333333333334,322.23333333333335
Westbound,M26,23,73.4,217.03333333333333
Westbound,M3,0,92.38709677419355,638.7096774193549
Westbound,M3,1,94.16666666666667,378.4
Westbound,M3,2,88.83870967741936,257.0
Westbound,M3,3,100.96774193548387,260.93548387096774
Westbound,M3,4,142.09677419354838,388.9032258064516
Westbound,M3,5,257.03225806451616,1000.0322580645161
Westbound,M3,6,390.9032258064516,2826.032258064516
Westbound,M3,7,355.61290322580646,3636.483870967742
Westbound,M3,8,396.2903225806452,3740.1290322580644
Westbound,M3,9,424.5806451612903,3583.0967741935483
Westbound,M3,10,432.0,3685.935483870968
Westbound,M3,11,434.96774193548384,3838.7419354838707
Westbound,M3,12,418.2258064516129,3813.7096774193546
Westbound,M3,13,405.96774193548384,3962.6451612903224
Westbound,M3,14,374.0967741935484,4160.8387096774195
Westbound,M3,15,355.258064516129,4505.645161290323
Westbound,M3,16,297.741935483871,5207.8387096774195
Westbound,M3,17,268.4193548387097,5248.806451612903
Westbound,M3,18,235.58064516129033,4602.8387096774195
Westbound,M3,19,172.3548387096774,3466.967741935484
Westbound,M3,20,125.70967741935483,2472.2903225806454
Westbound,M3,21,120.35483870967742,1897.2903225806451
Westbound,M3,22,89.29032258064517,1443.0645161290322
Westbound,M3,23,85.87096774193549,1009.8709677419355
Westbound,M4 J2-3,0,56.064516129032256,705.258064516129
Westbound,M4 J2-3,1,45.666666666666664,461.76666666666665
Westbound,M4 J2-3,2,41.70967741935484,367.35483870967744
Westbound,M4 J2-3,3,44.354838709677416,427.0
Westbound,M4 J2-3,4,69.51612903225806,875.0322580645161
Westbound,M4 J2-3,5,106.61290322580645,1804.8064516129032
Westbound,M4 J2-3,6,128.09677419354838,2877.516129032258
Westbound,M4 J2-3,7,154.06451612903226,3275.032258064516
Westbound,M4 J2-3,8,196.70967741935485,3124.516129032258
Westbound,M4 J2-3,9,253.80645161290323,2945.3225806451615
Westbound,M4 J2-3,10,274.4516129032258,2923.0967741935483
Westbound,M4 J2-3,11,311.61290322580646,3128.0967741935483
Westbound,M4 J2-3,12,333.83870967741933,3210.935483870968
Westbound,M4 J2-3,13,326.51612903225805,3275.6451612903224
Westbound,M4 J2-3,14,313.0,3408.2580645161293
Westbound,M4 J2-3,15,285.741935483871,3381.4193548387098
Westbound,M4 J2-3,16,220.0,3366.3870967741937
Westbound,M4 J2-3,17,193.5483870967742,3365.7741935483873
Westbound,M4 J2-3,18,168.61290322580646,3347.6774193548385
Westbound,M4 J2-3,19,129.03225806451613,2862.548387096774
Westbound,M4 J2-3,20,99.45161290322581,2195.1290322580644
Westbound,M4 J2-3,21,85.51612903225806,1695.9032258064517
Westbound,M4 J2-3,22,76.35483870967742,1447.1290322580646
Westbound,M4 J2-3,23,76.74193548387096,1124.9354838709678
Westbound,M4 J3-4,0,76.58064516129032,798.4193548387096
Westbound,M4 J3-4,1,72.86666666666666,510.2
Westbound,M4 J3-4,2,75.48387096774194,425.61290322580646
Westbound,M4 J3-4,3,78.19354838709677,591.2903225806451
Westbound,M4 J3-4,4,120.41935483870968,1195.516129032258
Westbound,M4 J3-4,5,167.5483870967742,2462.064516129032
Westbound,M4 J3-4,6,245.32258064516128,4096.032258064516
Westbound,M4 J3-4,7,302.48387096774195,4691.193548387097
Westbound,M4 J3-4,8,351.741935483871,4505.064516129032
Westbound,M4 J3-4,9,391.80645161290323,4174.322580645161
Westbound,M4 J3-4,10,409.19354838709677,4040.9032258064517
Westbound,M4 J3-4,11,430.48387096774195,4188.741935483871
Westbound,M4 J3-4,12,442.96774193548384,4270.354838709677
Westbound,M4 J3-4,13,431.93548387096774,4398.354838709677
Westbound,M4 J3-4,14,416.51612903225805,4609.451612903225
Westbound,M4 J3-4,15,369.16129032258067,4613.548387096775
Westbound,M4 J3-4,16,270.80645161290323,4635.870967741936
Westbound,M4 J3-4,17,226.38709677419354,4455.774193548387
Westbound,M4 J3-4,18,201.1290322580645,4440.677419354839
Westbound,M4 J3-4,19,165.0,3996.5806451612902
Westbound,M4 J3-4,20,140.61290322580646,3160.3548387096776
Westbound,M4 J3-4,21,122.06451612903226,2610.451612903226
Westbound,M4 J3-4,22,103.51612903225806,2076.548387096774
Westbound,M4 J3-4,23,100.45161290322581,1389.9354838709678
Westbound,M4 J4-4b,0,57.32258064516129,605.1935483870968
Westbound,M4 J4-4b,1,57.53333333333333,372.5
Westbound,M4 J4-4b,2,54.45161290322581,302.80645161290323
Westbound,M4 J4-4b,3,60.32258064516129,327.9032258064516
Westbound,M4 J4-4b,4,86.80645161290323,551.3225806451613
Westbound,M4 J4-4b,5,118.58064516129032,1407.0967741935483
Westbound,M4 J4-4b,6,193.25806451612902,3106.4193548387098
Westbound,M4 J4-4b,7,245.58064516129033,4215.741935483871
Westbound,M4 J4-4b,8,260.2258064516129,3826.9032258064517
Westbound,M4 J4-4b,9,274.38709677419354,3239.2580645161293
Westbound,M4 J4-4b,10,273.06451612903226,3165.3548387096776
Westbound,M4 J4-4b,11,298.03225806451616,3325.2258064516127
Westbound,M4 J4-4b,12,298.5806451612903,3493.516129032258
Westbound,M4 J4-4b,13,289.8709677419355,3637.6451612903224
Westbound,M4 J4-4b,14,280.0967741935484,3929.935483870968
Westbound,M4 J4-4b,15,268.5483870967742,4066.935483870968
Westbound,M4 J4-4b,16,216.7741935483871,4173.129032258064
Westbound,M4 J4-4b,17,190.25806451612902,4081.7741935483873
Westbound,M4 J4-4b,18,164.6451612903226,3921.1612903225805
Westbound,M4 J4-4b,19,122.41935483870968,3323.1290322580644
Westbound,M4 J4-4b,20,103.29032258064517,2651.5806451612902
Westbound,M4 J4-4b,21,89.7741935483871,2240.3225806451615
Westbound,M4 J4-4b,22,75.41935483870968,1863.741935483871
Westbound,M4 J4-4b,23,72.03225806451613,1169.9032258064517
Westbound,M4 J4b-5,0,104.03225806451613,746.516129032258
Westbound,M4 J4b-5,1,97.33333333333333,465.06666666666666
Westbound,M4 J4b-5,2,96.58064516129032,358.9032258064516
Westbound,M4 J4b-5,3,105.2258064516129,372.7741935483871
Westbound,M4 J4b-5,4,141.19354838709677,560.9677419354839
Westbound,M4 J4b-5,5,233.5483870967742,1441.0967741935483
Westbound,M4 J4b-5,6,342.06451612903226,3536.4193548387098
Westbound,M4 J4b-5,7,384.06451612903226,4791.645161290323
Westbound,M4 J4b-5,8,408.48387096774195,4327.096774193548
Westbound,M4 J4b-5,9,452.258064516129,4037.0
Westbound,M4 J4b-5,10,469.5806451612903,4032.451612903226
Westbound,M4 J4b-5,11,476.4193548387097,4115.967741935484
Westbound,M4 J4b-5,12,470.80645161290323,4240.193548387097
Westbound,M4 J4b-5,13,453.4193548387097,4365.193548387097
Westbound,M4 J4b-5,14,445.7096774193548,4650.870967741936
Westbound,M4 J4b-5,15,412.93548387096774,4655.419354838709
Westbound,M4 J4b-5,16,342.0967741935484,4988.1612903225805
Westbound,M4 J4b-5,17,306.8709677419355,5096.322580645161
Westbound,M4 J4b-5,18,271.0967741935484,4745.967741935484
Westbound,M4 J4b-5,19,224.7741935483871,3960.3225806451615
Westbound,M4 J4b-5,20,174.32258064516128,3073.1935483870966
Westbound,M4 J4b-5,21,149.03225806451613,2513.1612903225805
Westbound,M4 J4b-5,22,124.45161290322581,2080.7419354838707
Westbound,M4 J4b-5,23,113.96774193548387,1320.6129032258063
Northbound,A1(M),24,41.58064516129032,364.4516129032258
Northbound,A1023,24,37.69230769230769,322.7307692307692
Northbound,A1089,24,44.7,109.8
Northbound,A21,24,21.8,118.43333333333334
Northbound,A3,24,22.333333333333332,249.66666666666666
Northbound,A405,24,99.60714285714286,380.0357142857143
Northbound,M1 J1-2,24,58.96774193548387,429.61290322580646
Northbound,M1 J2-4,24,67.7741935483871,664.1612903225806
Northbound,M1 J4-5,24,56.096774193548384,812.3225806451613
Northbound,M1 J5-6,24,64.6774193548387,702.1290322580645
Northbound,M1 J6-6a,24,84.80645161290323,632.8709677419355
Northbound,M11,24,107.58064516129032,500.19354838709677
Northbound,M23,24,19.580645161290324,216.2258064516129
Westbound,A13,24,67.06666666666666,286.9
Westbound,A2,24,38.266666666666666,394.6333333333333
Westbound,A20,24,30.0,235.1
Westbound,A30,24,13.266666666666667,124.43333333333334
Westbound,A3113,24,56.0,179.9
Westbound,M20,24,94.6774193548387,233.8709677419355
Westbound,M26,24,85.1,167.0
Westbound,M3,24,92.38709677419355,638.7096774193549
Westbound,M4 J2-3,24,56.064516129032256,705.258064516129
Westbound,M4 J3-4,24,76.58064516129032,798.4193548387096
Westbound,M4 J4-4b,24,57.32258064516129,605.1935483870968
Westbound,M4 J4b-5,24,104.03225806451613,746.516129032258
Eastbound,A13,0,4.966666666666667,111.7
Eastbound,A13,1,3.4827586206896552,81.17241379310344
Eastbound,A13,2,4.666666666666667,64.53333333333333
Eastbound,A13,3,4.1,48.9
Eastbound,A13,4,5.566666666666666,53.666666666666664
Eastbound,A13,5,11.233333333333333,83.83333333333333
Eastbound,A13,6,18.6,152.43333333333334
Eastbound,A13,7,26.566666666666666,252.43333333333334
Eastbound,A13,8,31.433333333333334,386.46666666666664
Eastbound,A13,9,33.03333333333333,333.8
Eastbound,A13,10,30.466666666666665,302.56666666666666
Eastbound,A13,11,26.333333333333332,322.23333333333335
Eastbound,A13,12,25.8,375.5
Eastbound,A13,13,24.633333333333333,413.73333333333335
Eastbound,A13,14,30.366666666666667,495.4
Eastbound,A13,15,24.433333333333334,523.7
Eastbound,A13,16,22.233333333333334,661.1333333333333
Eastbound,A13,17,37.63333333333333,739.5333333333333
Eastbound,A13,18,21.5,628.1666666666666
Eastbound,A13,19,12.6,474.53333333333336
Eastbound,A13,20,15.433333333333334,377.3
Eastbound,A13,21,8.433333333333334,290.6333333333333
Eastbound,A13,22,6.766666666666667,233.26666666666668
Eastbound,A13,23,4.5,159.06666666666666
Eastbound,A2,0,49.903225806451616,630.0322580645161
Eastbound,A2,1,43.86666666666667,397.43333333333334
Eastbound,A2,2,43.58064516129032,306.93548387096774
Eastbound,A2,3,49.0,319.2903225806452
Eastbound,A2,4,56.45161290322581,461.4193548387097
Eastbound,A2,5,84.70967741935483,909.1935483870968
Eastbound,A2,6,139.29032258064515,1848.1290322580646
Eastbound,A2,7,164.3548387096774,2472.6774193548385
Eastbound,A2,8,196.90322580645162,2682.5806451612902
Eastbound,A2,9,247.5483870967742,2905.032258064516
Eastbound,A2,10,258.61290322580646,3151.3225806451615
Eastbound,A2,11,267.2903225806452,3317.064516129032
Eastbound,A2,12,261.8709677419355,3447.9032258064517
Eastbound,A2,13,275.61290322580646,3503.032258064516
Eastbound,A2,14,276.61290322580646,3703.3548387096776
Eastbound,A2,15,228.5483870967742,4019.451612903226
Eastbound,A2,16,167.1290322580645,4160.193548387097
Eastbound,A2,17,147.96774193548387,4015.935483870968
Eastbound,A2,18,137.06451612903226,3695.2258064516127
Eastbound,A2,19,96.48387096774194,2865.8709677419356
Eastbound,A2,20,72.41935483870968,1945.8387096774193
Eastbound,A2,21,65.09677419354838,1514.1612903225807
Eastbound,A2,22,59.54838709677419,1212.032258064516
Eastbound,A2,23,53.064516129032256,999.1290322580645
Eastbound,A20,0,26.9,254.0
Eastbound,A20,1,25.896551724137932,157.24137931034483
Eastbound,A20,2,26.066666666666666,132.26666666666668
Eastbound,A20,3,25.766666666666666,151.3
Eastbound,A20,4,27.433333333333334,224.0
Eastbound,A20,5,31.966666666666665,445.5
Eastbound,A20,6,46.93333333333333,949.3333333333334
Eastbound,A20,7,55.06666666666667,1320.3
Eastbound,A20,8,74.7,1296.5
Eastbound,A20,9,91.76666666666667,1293.3666666666666
Eastbound,A20,10,97.13333333333334,1345.0666666666666
Eastbound,A20,11,99.56666666666666,1433.3
Eastbound,A20,12,99.93333333333334,1504.5
Eastbound,A20,13,102.5,1513.9666666666667
Eastbound,A20,14,106.2,1594.6666666666667
Eastbound,A20,15,90.36666666666666,1796.4333333333334
Eastbound,A20,16,69.96666666666667,2203.1666666666665
Eastbound,A20,17,54.43333333333333,2389.8
Eastbound,A20,18,39.9,1811.5333333333333
Eastbound,A20,19,29.866666666666667,1141.5333333333333
Eastbound,A20,20,25.433333333333334,748.3333333333334
Eastbound,A20,21,26.2,555.9666666666667
Eastbound,A20,22,24.233333333333334,462.5
Eastbound,A20,23,22.766666666666666,376.56666666666666
Eastbound,A30,0,14.7,120.66666666666667
Eastbound,A30,1,12.827586206896552,73.20689655172414
Eastbound,A30,2,11.566666666666666,58.266666666666666
Eastbound,A30,3,15.5,71.73333333333333
Eastbound,A30,4,19.833333333333332,110.23333333333333
Eastbound,A30,5,25.5,262.6666666666667
Eastbound,A30,6,46.4,787.4666666666667
Eastbound,A30,7,68.46666666666667,1149.6666666666667
Eastbound,A30,8,73.46666666666667,1047.3
Eastbound,A30,9,72.1,909.4
Eastbound,A30,10,71.83333333333333,815.7666666666667
Eastbound,A30,11,71.33333333333333,883.0333333333333
Eastbound,A30,12,69.23333333333333,985.2333333333333
Eastbound,A30,13,75.63333333333334,993.1333333333333
Eastbound,A30,14,75.46666666666667,1011.0
Eastbound,A30,15,71.66666666666667,1054.0
Eastbound,A30,16,51.3,1276.3
Eastbound,A30,17,50.03333333333333,1363.6666666666667
Eastbound,A30,18,36.266666666666666,1127.5
Eastbound,A30,19,23.933333333333334,698.4333333333333
Eastbound,A30,20,16.933333333333334,461.1
Eastbound,A30,21,15.0,371.03333333333336
Eastbound,A30,22,13.366666666666667,279.56666666666666
Eastbound,A30,23,13.0,192.36666666666667
Eastbound,A3113,0,46.63333333333333,133.83333333333334
Eastbound,A3113,1,46.89655172413793,109.20689655172414
Eastbound,A3113,2,41.5,94.43333333333334
Eastbound,A3113,3,41.733333333333334,169.83333333333334
Eastbound,A3113,4,49.96666666666667,399.96666666666664
Eastbound,A3113,5,78.03333333333333,872.2
Eastbound,A3113,6,103.06666666666666,1352.5
Eastbound,A3113,7,132.33333333333334,1609.7666666666667
Eastbound,A3113,8,137.33333333333334,1513.5
Eastbound,A3113,9,141.23333333333332,1030.7666666666667
Eastbound,A3113,10,148.56666666666666,768.1
Eastbound,A3113,11,143.73333333333332,821.6333333333333
Eastbound,A3113,12,140.86666666666667,964.3
Eastbound,A3113,13,141.96666666666667,1020.1666666666666
Eastbound,A3113,14,151.23333333333332,972.7666666666667
Eastbound,A3113,15,148.73333333333332,1010.0333333333333
Eastbound,A3113,16,128.06666666666666,1117.2
Eastbound,A3113,17,101.6,1234.7666666666667
Eastbound,A3113,18,90.63333333333334,1154.1666666666667
Eastbound,A3113,19,80.36666666666666,755.8333333333334
Eastbound,A3113,20,70.0,539.7333333333333
Eastbound,A3113,21,64.5,406.56666666666666
Eastbound,A3113,22,54.3,264.96666666666664
Eastbound,A3113,23,50.63333333333333,188.46666666666667
Eastbound,M20,0,43.83870967741935,154.96774193548387
Eastbound,M20,1,46.46666666666667,119.86666666666666
Eastbound,M20,2,47.096774193548384,102.0
Eastbound,M20,3,49.064516129032256,102.96774193548387
Eastbound,M20,4,58.483870967741936,153.0
Eastbound,M20,5,88.38709677419355,574.8064516129032
Eastbound,M20,6,118.19354838709677,1267.0967741935483
Eastbound,M20,7,111.3225806451613,1091.1935483870968
Eastbound,M20,8,94.25806451612904,846.1612903225806
Eastbound,M20,9,92.35483870967742,690.2258064516129
Eastbound,M20,10,94.96774193548387,641.4516129032259
Eastbound,M20,11,96.12903225806451,649.5806451612904
Eastbound,M20,12,100.87096774193549,672.2903225806451
Eastbound,M20,13,105.6774193548387,704.1935483870968
Eastbound,M20,14,111.83870967741936,784.8064516129032
Eastbound,M20,15,90.58064516129032,839.1935483870968
Eastbound,M20,16,71.2258064516129,1006.516129032258
Eastbound,M20,17,64.16129032258064,1149.225806451613
Eastbound,M20,18,63.67741935483871,924.9354838709677
Eastbound,M20,19,45.483870967741936,532.1935483870968
Eastbound,M20,20,36.29032258064516,352.93548387096774
Eastbound,M20,21,35.67741935483871,278.6774193548387
Eastbound,M20,22,33.38709677419355,240.0
Eastbound,M20,23,34.41935483870968,196.38709677419354
Eastbound,M26,0,58.6,199.83333333333334
Eastbound,M26,1,60.724137931034484,135.27586206896552
Eastbound,M26,2,63.36666666666667,117.63333333333334
Eastbound,M26,3,74.0,132.43333333333334
Eastbound,M26,4,92.76666666666667,190.43333333333334
Eastbound,M26,5,139.5,325.43333333333334
Eastbound,M26,6,184.5,636.6666666666666
Eastbound,M26,7,186.7,966.0
Eastbound,M26,8,180.06666666666666,965.4
Eastbound,M26,9,201.16666666666666,1022.6333333333333
Eastbound,M26,10,224.3,1132.0
Eastbound,M26,11,257.03333333333336,1241.4
Eastbound,M26,12,285.3666666666667,1257.3333333333333
Eastbound,M26,13,307.6333333333333,1354.0
Eastbound,M26,14,338.6333333333333,1548.6
Eastbound,M26,15,310.1333333333333,1655.7
Eastbound,M26,16,270.93333333333334,1735.4666666666667
Eastbound,M26,17,219.2,1519.7333333333333
Eastbound,M26,18,210.8,1367.8666666666666
Eastbound,M26,19,184.23333333333332,1076.8666666666666
Eastbound,M26,20,140.86666666666667,780.2666666666667
Eastbound,M26,21,113.06666666666666,552.3333333333334
Eastbound,M26,22,96.2,408.8
Eastbound,M26,23,73.33333333333333,290.8
Eastbound,M3,0,80.80645161290323,359.2258064516129
Eastbound,M3,1,76.8,250.6
Eastbound,M3,2,74.45161290322581,227.74193548387098
Eastbound,M3,3,102.09677419354838,403.8709677419355
Eastbound,M3,4,167.8709677419355,824.4516129032259
Eastbound,M3,5,303.5806451612903,1949.741935483871
Eastbound,M3,6,575.1612903225806,4344.5161290322585
Eastbound,M3,7,550.1935483870968,4251.064516129032
Eastbound,M3,8,480.7741935483871,4036.1612903225805
Eastbound,M3,9,514.9677419354839,4159.741935483871
Eastbound,M3,10,532.4516129032259,3938.032258064516
Eastbound,M3,11,527.0322580645161,3908.483870967742
Eastbound,M3,12,527.258064516129,3855.0
Eastbound,M3,13,524.1290322580645,3866.967741935484
Eastbound,M3,14,501.5483870967742,3860.967741935484
Eastbound,M3,15,473.16129032258067,4009.1935483870966
Eastbound,M3,16,416.5483870967742,4115.419354838709
Eastbound,M3,17,342.48387096774195,3900.7419354838707
Eastbound,M3,18,264.64516129032256,3663.935483870968
Eastbound,M3,19,217.2258064516129,2816.8709677419356
Eastbound,M3,20,170.51612903225808,2017.741935483871
Eastbound,M3,21,123.61290322580645,1446.5806451612902
Eastbound,M3,22,101.38709677419355,972.8387096774194
Eastbound,M3,23,86.16129032258064,596.7096774193549
Eastbound,M4 J2-3,0,37.58064516129032,469.5806451612903
Eastbound,M4 J2-3,1,29.9,275.03333333333336
Eastbound,M4 J2-3,2,39.54838709677419,225.25806451612902
Eastbound,M4 J2-3,3,47.806451612903224,247.03225806451613
Eastbound,M4 J2-3,4,99.0,493.51612903225805
Eastbound,M4 J2-3,5,204.41935483870967,1410.1935483870968
Eastbound,M4 J2-3,6,425.93548387096774,2977.3870967741937
Eastbound,M4 J2-3,7,394.5483870967742,2983.7096774193546
Eastbound,M4 J2-3,8,346.51612903225805,2760.7096774193546
Eastbound,M4 J2-3,9,328.3225806451613,2957.3225806451615
Eastbound,M4 J2-3,10,300.5806451612903,2864.3870967741937
Eastbound,M4 J2-3,11,289.5483870967742,2841.8387096774195
Eastbound,M4 J2-3,12,269.80645161290323,2837.2580645161293
Eastbound,M4 J2-3,13,246.67741935483872,2811.7419354838707
Eastbound,M4 J2-3,14,212.58064516129033,2867.064516129032
Eastbound,M4 J2-3,15,182.74193548387098,2948.3870967741937
Eastbound,M4 J2-3,16,166.61290322580646,3276.5806451612902
Eastbound,M4 J2-3,17,155.03225806451613,3227.2258064516127
Eastbound,M4 J2-3,18,130.48387096774192,3005.516129032258
Eastbound,M4 J2-3,19,106.61290322580645,2721.7096774193546
Eastbound,M4 J2-3,20,97.80645161290323,2259.483870967742
Eastbound,M4 J2-3,21,79.03225806451613,1988.1935483870968
Eastbound,M4 J2-3,22,70.93548387096774,1545.774193548387
Eastbound,M4 J2-3,23,46.483870967741936,900.3548387096774
Eastbound,M4 J3-4,0,69.16129032258064,730.3870967741935
Eastbound,M4 J3-4,1,69.13333333333334,486.4
Eastbound,M4 J3-4,2,66.0,371.6774193548387
Eastbound,M4 J3-4,3,81.0,436.06451612903226
Eastbound,M4 J3-4,4,138.03225806451613,790.8709677419355
Eastbound,M4 J3-4,5,227.7741935483871,2122.6774193548385
Eastbound,M4 J3-4,6,369.7741935483871,4186.548387096775
Eastbound,M4 J3-4,7,356.258064516129,4246.677419354839
Eastbound,M4 J3-4,8,344.16129032258067,4066.0967741935483
Eastbound,M4 J3-4,9,362.258064516129,4289.741935483871
Eastbound,M4 J3-4,10,356.8709677419355,4190.0
Eastbound,M4 J3-4,11,339.48387096774195,4244.612903225807
Eastbound,M4 J3-4,12,321.83870967741933,4225.935483870968
Eastbound,M4 J3-4,13,305.5806451612903,4225.1612903225805
Eastbound,M4 J3-4,14,291.8709677419355,4203.225806451613
Eastbound,M4 J3-4,15,257.6774193548387,4312.354838709677
Eastbound,M4 J3-4,16,208.1290322580645,4764.8387096774195
Eastbound,M4 J3-4,17,166.3548387096774,4723.5161290322585
Eastbound,M4 J3-4,18,162.58064516129033,4299.322580645161
Eastbound,M4 J3-4,19,130.4516129032258,3900.9032258064517
Eastbound,M4 J3-4,20,124.7741935483871,3380.9032258064517
Eastbound,M4 J3-4,21,105.6774193548387,2912.3225806451615
Eastbound,M4 J3-4,22,99.80645161290323,2277.7096774193546
Eastbound,M4 J3-4,23,72.87096774193549,1328.483870967742
Eastbound,M4 J4-5,0,85.0,498.3225806451613
Eastbound,M4 J4-5,1,80.46666666666667,353.0
Eastbound,M4 J4-5,2,86.93548387096774,304.741935483871
Eastbound,M4 J4-5,3,110.2258064516129,483.61290322580646
Eastbound,M4 J4-5,4,195.3548387096774,995.8064516129032
Eastbound,M4 J4-5,5,322.0,2141.032258064516
Eastbound,M4 J4-5,6,563.1612903225806,4370.645161290323
Eastbound,M4 J4-5,7,512.7096774193549,4505.129032258064
Eastbound,M4 J4-5,8,481.0,4411.354838709677
Eastbound,M4 J4-5,9,521.2258064516129,4307.322580645161
Eastbound,M4 J4-5,10,523.0322580645161,4048.2903225806454
Eastbound,M4 J4-5,11,527.9032258064516,4207.0
Eastbound,M4 J4-5,12,510.93548387096774,4320.8387096774195
Eastbound,M4 J4-5,13,515.9354838709677,4393.709677419355
Eastbound,M4 J4-5,14,477.4516129032258,4242.612903225807
Eastbound,M4 J4-5,15,459.03225806451616,4570.0
Eastbound,M4 J4-5,16,388.96774193548384,5173.741935483871
Eastbound,M4 J4-5,17,338.7096774193548,5258.0
Eastbound,M4 J4-5,18,311.3225806451613,4739.064516129032
Eastbound,M4 J4-5,19,258.96774193548384,3651.3225806451615
Eastbound,M4 J4-5,20,239.06451612903226,2770.8064516129034
Eastbound,M4 J4-5,21,198.8709677419355,2153.7419354838707
Eastbound,M4 J4-5,22,139.83870967741936,1437.0645161290322
Eastbound,M4 J4-5,23,97.38709677419355,823.9354838709677
Southbound,A1(M),0,60.12903225806452,276.2258064516129
Southbound,A1(M),1,55.53333333333333,177.5
Southbound,A1(M),2,57.193548387096776,160.70967741935485
Southbound,A1(M),3,69.0,210.25806451612902
Southbound,A1(M),4,117.29032258064517,458.96774193548384
Southbound,A1(M),5,211.90322580645162,1664.225806451613
Southbound,A1(M),6,357.16129032258067,3699.1935483870966
Southbound,A1(M),7,272.0967741935484,3553.3548387096776
Southbound,A1(M),8,258.51612903225805,3360.0
Southbound,A1(M),9,290.96774193548384,3198.5806451612902
Southbound,A1(M),10,277.64516129032256,2828.0967741935483
Southbound,A1(M),11,265.96774193548384,2684.6774193548385
Southbound,A1(M),12,247.67741935483872,2705.032258064516
Southbound,A1(M),13,255.6451612903226,2645.8064516129034
Southbound,A1(M),14,232.7741935483871,2587.967741935484
Southbound,A1(M),15,202.0,2799.5806451612902
Southbound,A1(M),16,153.38709677419354,3284.064516129032
Southbound,A1(M),17,128.2258064516129,3234.2580645161293
Southbound,A1(M),18,99.48387096774194,2698.483870967742
Southbound,A1(M),19,79.25806451612904,1839.2903225806451
Southbound,A1(M),20,69.48387096774194,1199.9032258064517
Southbound,A1(M),21,66.03225806451613,900.9032258064516
Southbound,A1(M),22,52.225806451612904,666.1290322580645
Southbound,A1(M),23,61.67741935483871,438.61290322580646
Southbound,A1023,0,43.333333333333336,212.93333333333334
Southbound,A1023,1,39.58620689655172,134.20689655172413
Southbound,A1023,2,42.56666666666667,138.06666666666666
Southbound,A1023,3,54.266666666666666,193.33333333333334
Southbound,A1023,4,102.03333333333333,407.5
Southbound,A1023,5,222.03333333333333,1430.2333333333333
Southbound,A1023,6,274.8666666666667,1984.0
Southbound,A1023,7,252.36666666666667,1939.1666666666667
Southbound,A1023,8,221.83333333333334,1920.5333333333333
Southbound,A1023,9,227.76666666666668,1986.8
Southbound,A1023,10,231.26666666666668,2068.0
Southbound,A1023,11,221.6,1943.4666666666667
Southbound,A1023,12,206.5,1909.8333333333333
Southbound,A1023,13,197.6,1837.7666666666667
Southbound,A1023,14,188.76666666666668,1807.6666666666667
Southbound,A1023,15,167.6,1893.4
Southbound,A1023,16,142.83333333333334,2118.633333333333
Southbound,A1023,17,109.7,2101.133333333333
Southbound,A1023,18,91.96666666666667,1662.4333333333334
Southbound,A1023,19,76.93333333333334,1227.2666666666667
Southbound,A1023,20,69.43333333333334,913.9333333333333
Southbound,A1023,21,54.9,667.6333333333333
Southbound,A1023,22,65.16666666666667,524.5
Southbound,A1023,23,53.53333333333333,355.3333333333333
Southbound,A1089,0,42.5,128.03333333333333
Southbound,A1089,1,39.48275862068966,100.44827586206897
Southbound,A1089,2,45.1,100.96666666666667
Southbound,A1089,3,50.6,133.73333333333332
Southbound,A1089,4,72.03333333333333,222.6
Southbound,A1089,5,123.9,578.8333333333334
Southbound,A1089,6,187.4,676.3333333333334
Southbound,A1089,7,203.2,1054.1
Southbound,A1089,8,203.5,902.1333333333333
Southbound,A1089,9,236.23333333333332,779.7333333333333
Southbound,A1089,10,256.76666666666665,710.6333333333333
Southbound,A1089,11,260.76666666666665,750.5333333333333
Southbound,A1089,12,265.8,776.4666666666667
Southbound,A1089,13,268.1666666666667,854.3
Southbound,A1089,14,265.2,834.5
Southbound,A1089,15,228.56666666666666,847.5
Southbound,A1089,16,181.13333333333333,897.2666666666667
Southbound,A1089,17,143.4,1023.5
Southbound,A1089,18,117.63333333333334,878.6333333333333
Southbound,A1089,19,92.23333333333333,557.5333333333333
Southbound,A1089,20,66.3,416.46666666666664
Southbound,A1089,21,58.6,351.46666666666664
Southbound,A1089,22,54.6,286.8
Southbound,A1089,23,48.4,173.53333333333333
Southbound,A21,0,41.53333333333333,259.46666666666664
Southbound,A21,1,42.58620689655172,145.75862068965517
Southbound,A21,2,50.666666666666664,136.53333333333333
Southbound,A21,3,54.96666666666667,150.5
Southbound,A21,4,43.5,136.53333333333333
Southbound,A21,5,79.13333333333334,272.8
Southbound,A21,6,130.53333333333333,871.0333333333333
Southbound,A21,7,160.33333333333334,1457.9333333333334
Southbound,A21,8,133.06666666666666,1379.5666666666666
Southbound,A21,9,129.36666666666667,1244.3333333333333
Southbound,A21,10,119.86666666666666,1287.3666666666666
Southbound,A21,11,121.06666666666666,1385.1333333333334
Southbound,A21,12,117.8,1374.6
Southbound,A21,13,114.46666666666667,1374.7666666666667
Southbound,A21,14,109.66666666666667,1430.8333333333333
Southbound,A21,15,88.66666666666667,1518.5666666666666
Southbound,A21,16,72.66666666666667,1678.9
Southbound,A21,17,57.36666666666667,1769.6
Southbound,A21,18,47.233333333333334,1526.3
Southbound,A21,19,37.86666666666667,1091.2666666666667
Southbound,A21,20,27.933333333333334,735.3333333333334
Southbound,A21,21,22.2,546.3333333333334
Southbound,A21,22,28.4,470.6
Southbound,A21,23,43.13333333333333,387.7
Southbound,A3,0,28.35483870967742,245.96774193548387
Southbound,A3,1,27.866666666666667,140.36666666666667
Southbound,A3,2,27.387096774193548,100.51612903225806
Southbound,A3,3,32.12903225806452,101.3225806451613
Southbound,A3,4,35.225806451612904,168.80645161290323
Southbound,A3,5,42.096774193548384,447.258064516129
Southbound,A3,6,106.19354838709677,1520.3548387096773
Southbound,A3,7,146.32258064516128,2072.3870967741937
Southbound,A3,8,153.09677419354838,2038.5806451612902
Southbound,A3,9,145.06451612903226,1961.258064516129
Southbound,A3,10,160.70967741935485,1892.225806451613
Southbound,A3,11,169.41935483870967,1852.0967741935483
Southbound,A3,12,171.29032258064515,1842.0967741935483
Southbound,A3,13,168.06451612903226,1836.516129032258
Southbound,A3,14,154.06451612903226,1867.1612903225807
Southbound,A3,15,143.67741935483872,1993.4193548387098
Southbound,A3,16,136.06451612903226,2239.548387096774
Southbound,A3,17,99.6774193548387,2255.7741935483873
Southbound,A3,18,51.45161290322581,1941.741935483871
Southbound,A3,19,38.064516129032256,1395.8387096774193
Southbound,A3,20,38.774193548387096,950.6774193548387
Southbound,A3,21,28.64516129032258,691.741935483871
Southbound,A3,22,25.580645161290324,551.258064516129
Southbound,A3,23,27.451612903225808,406.2903225806452
Southbound,A405,0,106.0909090909091,374.6363636363636
Southbound,A405,1,87.9090909090909,242.8181818181818
Southbound,A405,2,106.27272727272727,215.8181818181818
Southbound,A405,3,119.9090909090909,240.1818181818182
Southbound,A405,4,57.54545454545455,172.0
Southbound,A405,5,23.818181818181817,199.0
Southbound,A405,6,53.0,678.3636363636364
Southbound,A405,7,58.0,976.2727272727273
Southbound,A405,8,79.0,1117.6363636363637
Southbound,A405,9,76.18181818181819,972.8181818181819
Southbound,A405,10,73.36363636363636,1028.0
Southbound,A405,11,64.18181818181819,1048.7272727272727
Southbound,A405,12,65.63636363636364,1113.1818181818182
Southbound,A405,13,62.90909090909091,1138.1818181818182
Southbound,A405,14,55.36363636363637,1107.5454545454545
Southbound,A405,15,46.72727272727273,1260.6363636363637
Southbound,A405,16,55.90909090909091,1333.0
Southbound,A405,17,37.27272727272727,1434.6363636363637
Southbound,A405,18,22.09090909090909,1078.8181818181818
Southbound,A405,19,18.9,864.3
Southbound,A405,20,20.5,590.3
Southbound,A405,21,21.1,447.3
Southbound,A405,22,61.2,535.4
Southbound,A405,23,90.3,505.4
Southbound,M1 J1-2,0,42.12903225806452,319.4516129032258
Southbound,M1 J1-2,1,41.0,206.93333333333334
Southbound,M1 J1-2,2,40.903225806451616,162.0
Southbound,M1 J1-2,3,50.903225806451616,162.3548387096774
Southbound,M1 J1-2,4,78.19354838709677,262.51612903225805
Southbound,M1 J1-2,5,136.5483870967742,733.258064516129
Southbound,M1 J1-2,6,317.61290322580646,2119.2580645161293
Southbound,M1 J1-2,7,346.3225806451613,2063.032258064516
Southbound,M1 J1-2,8,269.1290322580645,1887.1935483870968
Southbound,M1 J1-2,9,256.06451612903226,1790.483870967742
Southbound,M1 J1-2,10,186.3548387096774,1459.483870967742
Southbound,M1 J1-2,11,158.58064516129033,1367.4516129032259
Southbound,M1 J1-2,12,145.16129032258064,1304.8709677419354
Southbound,M1 J1-2,13,128.61290322580646,1234.1935483870968
Southbound,M1 J1-2,14,126.96774193548387,1135.5806451612902
Southbound,M1 J1-2,15,106.25806451612904,1114.516129032258
Southbound,M1 J1-2,16,96.38709677419355,1249.4193548387098
Southbound,M1 J1-2,17,87.6774193548387,1491.6774193548388
Southbound,M1 J1-2,18,83.19354838709677,1469.9354838709678
Southbound,M1 J1-2,19,71.7741935483871,1121.741935483871
Southbound,M1 J1-2,20,61.935483870967744,845.6451612903226
Southbound,M1 J1-2,21,50.70967741935484,682.6129032258065
Southbound,M1 J1-2,22,48.645161290322584,578.258064516129
Southbound,M1 J1-2,23,43.96774193548387,453.96774193548384
Southbound,M1 J2-4,0,63.70967741935484,538.3225806451613
Southbound,M1 J2-4,1,60.93333333333333,356.76666666666665
Southbound,M1 J2-4,2,69.03225806451613,285.19354838709677
Southbound,M1 J2-4,3,81.45161290322581,278.5806451612903
Southbound,M1 J2-4,4,110.35483870967742,433.96774193548384
Southbound,M1 J2-4,5,189.96774193548387,1215.1290322580646
Southbound,M1 J2-4,6,392.3225806451613,3327.6774193548385
Southbound,M1 J2-4,7,366.2903225806452,3311.451612903226
Southbound,M1 J2-4,8,292.258064516129,2871.5806451612902
Southbound,M1 J2-4,9,288.6774193548387,2680.2258064516127
Southbound,M1 J2-4,10,239.4516129032258,2185.8064516129034
Southbound,M1 J2-4,11,197.8709677419355,2054.8387096774195
Southbound,M1 J2-4,12,177.93548387096774,1985.0645161290322
Southbound,M1 J2-4,13,159.3548387096774,1908.2903225806451
Southbound,M1 J2-4,14,154.70967741935485,1834.4516129032259
Southbound,M1 J2-4,15,134.80645161290323,1845.0967741935483
Southbound,M1 J2-4,16,118.80645161290323,2157.451612903226
Southbound,M1 J2-4,17,105.54838709677419,2604.483870967742
Southbound,M1 J2-4,18,101.70967741935483,2464.0967741935483
Southbound,M1 J2-4,19,86.09677419354838,1803.225806451613
Southbound,M1 J2-4,20,76.48387096774194,1346.3548387096773
Southbound,M1 J2-4,21,62.903225806451616,1088.774193548387
Southbound,M1 J2-4,22,62.54838709677419,937.1290322580645
Southbound,M1 J2-4,23,59.354838709677416,753.4193548387096
Southbound,M1 J4-5,0,78.87096774193549,648.4516129032259
Southbound,M1 J4-5,1,72.96666666666667,429.4
Southbound,M1 J4-5,2,78.51612903225806,341.16129032258067
Southbound,M1 J4-5,3,92.54838709677419,344.0967741935484
Southbound,M1 J4-5,4,126.74193548387096,532.6129032258065
Southbound,M1 J4-5,5,230.3548387096774,1477.6129032258063
Southbound,M1 J4-5,6,579.8064516129032,3974.1612903225805
Southbound,M1 J4-5,7,576.8064516129032,3976.7096774193546
Southbound,M1 J4-5,8,492.06451612903226,3512.7096774193546
Southbound,M1 J4-5,9,454.741935483871,3227.6451612903224
Southbound,M1 J4-5,10,376.80645161290323,2666.3548387096776
Southbound,M1 J4-5,11,322.258064516129,2543.516129032258
Southbound,M1 J4-5,12,299.83870967741933,2487.8709677419356
Southbound,M1 J4-5,13,273.2258064516129,2435.3870967741937
Southbound,M1 J4-5,14,265.7096774193548,2386.9032258064517
Southbound,M1 J4-5,15,255.38709677419354,2425.3548387096776
Southbound,M1 J4-5,16,247.6451612903226,2878.1935483870966
Southbound,M1 J4-5,17,260.64516129032256,3420.2580645161293
Southbound,M1 J4-5,18,227.83870967741936,3110.8064516129034
Southbound,M1 J4-5,19,173.48387096774192,2308.4193548387098
Southbound,M1 J4-5,20,136.8709677419355,1728.0967741935483
Southbound,M1 J4-5,21,99.25806451612904,1381.741935483871
Southbound,M1 J4-5,22,88.87096774193549,1161.6451612903227
Southbound,M1 J4-5,23,77.6774193548387,904.8387096774194
Southbound,M1 J5-6,0,85.74193548387096,635.3870967741935
Southbound,M1 J5-6,1,79.83333333333333,400.6333333333333
Southbound,M1 J5-6,2,88.41935483870968,319.38709677419354
Southbound,M1 J5-6,3,101.41935483870968,318.1290322580645
Southbound,M1 J5-6,4,145.51612903225808,549.258064516129
Southbound,M1 J5-6,5,269.1290322580645,1576.483870967742
Southbound,M1 J5-6,6,564.258064516129,4091.3225806451615
Southbound,M1 J5-6,7,567.0967741935484,4304.903225806452
Southbound,M1 J5-6,8,523.7096774193549,3879.7741935483873
Southbound,M1 J5-6,9,456.1290322580645,3668.7741935483873
Southbound,M1 J5-6,10,379.2258064516129,3085.032258064516
Southbound,M1 J5-6,11,327.8709677419355,2896.1612903225805
Southbound,M1 J5-6,12,298.741935483871,2804.1612903225805
Southbound,M1 J5-6,13,282.43333333333334,2802.9666666666667
Southbound,M1 J5-6,14,284.03225806451616,2671.1290322580644
Southbound,M1 J5-6,15,254.67741935483872,2686.6451612903224
Southbound,M1 J5-6,16,230.90322580645162,3129.8064516129034
Southbound,M1 J5-6,17,213.93548387096774,3525.2258064516127
Southbound,M1 J5-6,18,183.83870967741936,3157.1290322580644
Southbound,M1 J5-6,19,142.70967741935485,2338.6451612903224
Southbound,M1 J5-6,20,117.64516129032258,1723.7096774193549
Southbound,M1 J5-6,21,94.09677419354838,1388.0645161290322
Southbound,M1 J5-6,22,91.03225806451613,1184.5483870967741
Southbound,M1 J5-6,23,86.6774193548387,910.8064516129032
Southbound,M1 J6-6a,0,172.1290322580645,793.7096774193549
Southbound,M1 J6-6a,1,157.93333333333334,517.1333333333333
Southbound,M1 J6-6a,2,186.51612903225808,446.03225806451616
Southbound,M1 J6-6a,3,210.74193548387098,481.2258064516129
Southbound,M1 J6-6a,4,158.38709677419354,577.0645161290323
Southbound,M1 J6-6a,5,200.8709677419355,1418.258064516129
Southbound,M1 J6-6a,6,345.93548387096774,3331.967741935484
Southbound,M1 J6-6a,7,309.7741935483871,3332.2903225806454
Southbound,M1 J6-6a,8,267.258064516129,2826.8387096774195
Southbound,M1 J6-6a,9,245.1290322580645,2551.8709677419356
Southbound,M1 J6-6a,10,218.1290322580645,2183.3225806451615
Southbound,M1 J6-6a,11,183.13333333333333,2081.4666666666667
Southbound,M1 J6-6a,12,168.46666666666667,2064.0
Southbound,M1 J6-6a,13,150.96666666666667,2010.2
Southbound,M1 J6-6a,14,153.09677419354838,1917.1612903225807
Southbound,M1 J6-6a,15,134.80645161290323,1932.9354838709678
Southbound,M1 J6-6a,16,115.38709677419355,2314.6774193548385
Southbound,M1 J6-6a,17,99.25806451612904,2686.0967741935483
Southbound,M1 J6-6a,18,100.35483870967742,2384.0
Southbound,M1 J6-6a,19,83.45161290322581,1824.0645161290322
Southbound,M1 J6-6a,20,80.6774193548387,1402.774193548387
Southbound,M1 J6-6a,21,68.3225806451613,1152.6451612903227
Southbound,M1 J6-6a,22,130.70967741935485,1222.3225806451612
Southbound,M1 J6-6a,23,149.48387096774192,1066.5806451612902
Southbound,M11,0,87.51612903225806,830.3225806451613
Southbound,M11,1,85.1,470.3
Southbound,M11,2,68.29032258064517,310.93548387096774
Southbound,M11,3,68.03225806451613,282.03225806451616
Southbound,M11,4,96.16129032258064,532.258064516129
Southbound,M11,5,229.5483870967742,1769.2903225806451
Southbound,M11,6,310.1290322580645,2943.516129032258
Southbound,M11,7,299.0,2963.6129032258063
Southbound,M11,8,294.93548387096774,2951.1612903225805
Southbound,M11,9,321.8709677419355,3023.3225806451615
Southbound,M11,10,307.83870967741933,2978.5806451612902
Southbound,M11,11,289.03225806451616,2864.2903225806454
Southbound,M11,12,274.64516129032256,2840.9032258064517
Southbound,M11,13,256.741935483871,2767.7096774193546
Southbound,M11,14,236.83870967741936,2750.2903225806454
Southbound,M11,15,221.32258064516128,2790.9032258064517
Southbound,M11,16,166.09677419354838,3175.8064516129034
Southbound,M11,17,138.58064516129033,3329.8064516129034
Southbound,M11,18,128.58064516129033,3042.935483870968
Southbound,M11,19,115.61290322580645,2471.516129032258
Southbound,M11,20,103.70967741935483,1909.225806451613
Southbound,M11,21,94.64516129032258,1553.6774193548388
Southbound,M11,22,84.29032258064517,1216.3225806451612
Southbound,M11,23,83.51612903225806,1010.1612903225806
Southbound,M23,0,29.967741935483872,182.09677419354838
Southbound,M23,1,27.333333333333332,126.76666666666667
Southbound,M23,2,32.58064516129032,123.03225806451613
Southbound,M23,3,39.516129032258064,218.70967741935485
Southbound,M23,4,64.93548387096774,512.3225806451613
Southbound,M23,5,136.48387096774192,897.0967741935484
Southbound,M23,6,248.61290322580646,1473.6451612903227
Southbound,M23,7,293.7741935483871,1325.1612903225807
Southbound,M23,8,286.06451612903226,1363.741935483871
Southbound,M23,9,244.32258064516128,1363.3225806451612
Southbound,M23,10,202.80645161290323,1323.225806451613
Southbound,M23,11,190.38709677419354,1258.774193548387
Southbound,M23,12,189.80645161290323,1220.5483870967741
Southbound,M23,13,185.16129032258064,1192.258064516129
Southbound,M23,14,176.51612903225808,1203.741935483871
Southbound,M23,15,172.74193548387098,1274.1612903225807
Southbound,M23,16,136.90322580645162,1389.2903225806451
Southbound,M23,17,104.09677419354838,1384.516129032258
Southbound,M23,18,82.16129032258064,1173.9354838709678
Southbound,M23,19,71.83870967741936,857.1612903225806
Southbound,M23,20,54.25806451612903,643.7741935483871
Southbound,M23,21,44.096774193548384,506.80645161290323
Southbound,M23,22,36.45161290322581,430.4193548387097
Southbound,M23,23,34.67741935483871,307.61290322580646
Eastbound,A13,24,4.966666666666667,111.7
Eastbound,A2,24,49.903225806451616,630.0322580645161
Eastbound,A20,24,26.9,254.0
Eastbound,A30,24,14.7,120.66666666666667
Eastbound,A3113,24,46.63333333333333,133.83333333333334
Eastbound,M20,24,43.83870967741935,154.96774193548387
Eastbound,M26,24,58.6,199.83333333333334
Eastbound,M3,24,80.80645161290323,359.2258064516129
Eastbound,M4 J2-3,24,37.58064516129032,469.5806451612903
Eastbound,M4 J3-4,24,69.16129032258064,730.3870967741935
Eastbound,M4 J4-5,24,85.0,498.3225806451613
Southbound,A1(M),24,60.12903225806452,276.2258064516129
Southbound,A1023,24,43.333333333333336,212.93333333333334
Southbound,A1089,24,42.5,128.03333333333333
Southbound,A21,24,41.53333333333333,259.46666666666664
Southbound,A3,24,28.35483870967742,245.96774193548387
Southbound,A405,24,106.0909090909091,374.6363636363636
Southbound,M1 J1-2,24,42.12903225806452,319.4516129032258
Southbound,M1 J2-4,24,63.70967741935484,538.3225806451613
Southbound,M1 J4-5,24,78.87096774193549,648.4516129032259
Southbound,M1 J5-6,24,85.74193548387096,635.3870967741935
Southbound,M1 J6-6a,24,172.1290322580645,793.7096774193549
Southbound,M11,24,87.51612903225806,830.3225806451613
Southbound,M23,24,29.967741935483872,182.09677419354838
